Time,gate,Duty_moduladora,Vref_hs,Vout,V_port,D_pedro,Vref_pedro,portadora_pedro,V6,Vref_hst,V8
1e-006,1,0.600072,10,0.00268174,0.1,0.0931752,5,0.1,0.300036,5,0.1
2e-006,1,0.604728,10,0.008864,0.2,0.0962195,5,0.2,0.302284,5,0.2
3e-006,1,0.609268,10,0.0176159,0.3,0.0991969,5,0.3,0.304368,5,0.3
4e-006,0,0.613746,10,0.0280978,0.4,0.102123,5,0.4,0.306341,5,0.4
5e-006,0,0.618207,10,0.0382443,0.5,0.105011,5,0.5,0.308253,5,0.5
6e-006,0,0.622775,10,0.0481922,0.6,0.107898,5,0.6,0.310226,5,0.6
7e-006,0,0.627438,10,0.0578776,0.7,0.110783,5,0.7,0.31225,5,0.7
8e-006,0,0.6322,10,0.0673041,0.8,0.113667,5,0.8,0.314328,5,0.8
9e-006,0,0.637058,10,0.0764755,0.9,0.11655,5,0.9,0.31646,5,0.9
1e-005,0,0.642012,10,0.0853952,1,0.119432,5,1,0.318644,5,1
1.1e-005,1,0.647058,10,0.0966877,0.1,0.122312,5,0.1,0.32088,5,0.1
1.2e-005,1,0.65204,10,0.111238,0.2,0.125143,5,0.2,0.32301,5,0.2
1.3e-005,1,0.656899,10,0.128178,0.3,0.127907,5,0.3,0.324978,5,0.3
1.4e-005,0,0.661687,10,0.147424,0.4,0.130616,5,0.4,0.326834,5,0.4
1.5e-005,0,0.666405,10,0.165958,0.5,0.133273,5,0.5,0.328582,5,0.5
1.6e-005,0,0.671232,10,0.184108,0.6,0.13593,5,0.6,0.3304,5,0.6
1.7e-005,0,0.676146,10,0.20175,0.7,0.138584,5,0.7,0.332269,5,0.7
1.8e-005,0,0.681154,10,0.218891,0.8,0.141235,5,0.8,0.334195,5,0.8
1.9e-005,0,0.686255,10,0.23554,0.9,0.143885,5,0.9,0.336176,5,0.9
2e-005,0,0.691447,10,0.251703,1,0.146534,5,1,0.338213,5,1
2.1e-005,1,0.696728,10,0.269952,0.1,0.149181,5,0.1,0.340305,5,0.1
2.2e-005,1,0.701942,10,0.291234,0.2,0.151779,5,0.2,0.342296,5,0.2
2.3e-005,1,0.707032,10,0.314739,0.3,0.15431,5,0.3,0.344127,5,0.3
2.4e-005,0,0.712041,10,0.340846,0.4,0.156786,5,0.4,0.345846,5,0.4
2.5e-005,0,0.716947,10,0.366137,0.5,0.159199,5,0.5,0.347428,5,0.5
2.6e-005,0,0.72195,10,0.390872,0.6,0.161611,5,0.6,0.349075,5,0.6
2.7e-005,0,0.727034,10,0.414874,0.7,0.164017,5,0.7,0.350773,5,0.7
2.8e-005,0,0.73221,10,0.438152,0.8,0.166423,5,0.8,0.35253,5,0.8
2.9e-005,0,0.737475,10,0.46072,0.9,0.168826,5,0.9,0.354347,5,0.9
3e-005,0,0.742828,10,0.482586,1,0.171229,5,1,0.356221,5,1
3.1e-005,1,0.748267,10,0.506275,0.1,0.17363,5,0.1,0.358153,5,0.1
3.2e-005,1,0.753641,10,0.532791,0.2,0.175985,5,0.2,0.35999,5,0.2
3.3e-005,1,0.758887,10,0.561379,0.3,0.178271,5,0.3,0.36167,5,0.3
3.4e-005,0,0.764047,10,0.592682,0.4,0.180503,5,0.4,0.363238,5,0.4
3.5e-005,0,0.769081,10,0.623236,0.5,0.182667,5,0.5,0.364651,5,0.5
3.6e-005,0,0.774195,10,0.653077,0.6,0.184825,5,0.6,0.366118,5,0.6
3.7e-005,0,0.779385,10,0.681979,0.7,0.186977,5,0.7,0.367634,5,0.7
3.8e-005,0,0.784664,10,0.709956,0.8,0.189129,5,0.8,0.369213,5,0.8
3.9e-005,0,0.790031,10,0.737023,0.9,0.191279,5,0.9,0.370855,5,0.9
4e-005,0,0.795484,10,0.763194,1,0.19343,5,1,0.372557,5,1
4.1e-005,1,0.801022,10,0.79095,0.1,0.19558,5,0.1,0.37432,5,0.1
4.2e-005,1,0.806495,10,0.821347,0.2,0.197685,5,0.2,0.375993,5,0.2
4.3e-005,1,0.811839,10,0.853677,0.3,0.199723,5,0.3,0.377513,5,0.3
4.4e-005,0,0.817092,10,0.88873,0.4,0.201707,5,0.4,0.37892,5,0.4
4.5e-005,0,0.822207,10,0.923192,0.5,0.20362,5,0.5,0.380165,5,0.5
4.6e-005,0,0.82738,10,0.956801,0.6,0.205522,5,0.6,0.381445,5,0.6
4.7e-005,0,0.832625,10,0.989285,0.7,0.207418,5,0.7,0.382775,5,0.7
4.8e-005,0,0.837958,10,1.02066,0.8,0.209315,5,0.8,0.384172,5,0.8
4.9e-005,0,0.843378,10,1.05095,0.9,0.211212,5,0.9,0.385634,5,0.9
5e-005,0,0.848883,10,1.08018,1,0.21311,5,1,0.38716,5,1
5.1e-005,1,0.854472,10,1.11077,0.1,0.21501,5,0.1,0.388749,5,0.1
5.2e-005,1,0.859999,10,1.14384,0.2,0.216865,5,0.2,0.390255,5,0.2
5.3e-005,1,0.865394,10,1.17871,0.3,0.218656,5,0.3,0.391609,5,0.3
5.4e-005,0,0.870696,10,1.21627,0.4,0.220392,5,0.4,0.392852,5,0.4
5.5e-005,0,0.875852,10,1.25342,0.5,0.222057,5,0.5,0.393928,5,0.5
5.6e-005,0,0.881044,10,1.2896,0.6,0.223706,5,0.6,0.395021,5,0.6
5.7e-005,0,0.886305,10,1.3245,0.7,0.225351,5,0.7,0.396165,5,0.7
5.8e-005,0,0.891654,10,1.35812,0.8,0.226997,5,0.8,0.397379,5,0.8
5.9e-005,0,0.89709,10,1.3905,0.9,0.228645,5,0.9,0.398661,5,0.9
6e-005,0,0.902611,10,1.42166,1,0.230295,5,1,0.40001,5,1
6.1e-005,1,0.908215,10,1.454,0.1,0.231948,5,0.1,0.401426,5,0.1
6.2e-005,1,0.913759,10,1.48867,0.2,0.23356,5,0.2,0.402763,5,0.2
6.3e-005,1,0.919171,10,1.52505,0.3,0.235108,5,0.3,0.403952,5,0.3
6.4e-005,1,0.924488,10,1.56365,0.4,0.236603,5,0.4,0.40503,5,0.4
6.5e-005,0,0.929676,10,1.60248,0.5,0.238035,5,0.5,0.405963,5,0.5
6.6e-005,0,0.934854,10,1.63982,0.6,0.239437,5,0.6,0.406869,5,0.6
6.7e-005,0,0.940124,10,1.6761,0.7,0.240844,5,0.7,0.407852,5,0.7
6.8e-005,0,0.945461,10,1.71096,0.8,0.242248,5,0.8,0.408886,5,0.8
6.9e-005,0,0.950885,10,1.74445,0.9,0.243655,5,0.9,0.409991,5,0.9
7e-005,0,0.956393,10,1.77658,1,0.245066,5,1,0.411167,5,1
7.1e-005,1,0.961986,10,1.80973,0.1,0.246482,5,0.1,0.412413,5,0.1
7.2e-005,1,0.96752,10,1.84509,0.2,0.247859,5,0.2,0.413584,5,0.2
7.3e-005,1,0.972923,10,1.88205,0.3,0.249175,5,0.3,0.414611,5,0.3
7.4e-005,1,0.978228,10,1.92113,0.4,0.250438,5,0.4,0.415527,5,0.4
7.5e-005,0,0.983406,10,1.96072,0.5,0.25164,5,0.5,0.416301,5,0.5
7.6e-005,0,0.988549,10,1.99863,0.6,0.252807,5,0.6,0.417026,5,0.6
7.7e-005,0,0.993788,10,2.03539,0.7,0.253981,5,0.7,0.417835,5,0.7
7.8e-005,0,0.999092,10,2.07062,0.8,0.255154,5,0.8,0.418697,5,0.8
7.9e-005,0,1.00448,10,2.10435,0.9,0.256332,5,0.9,0.419633,5,0.9
8e-005,0,1.00996,10,2.13661,1,0.257516,5,1,0.420642,5,1
8.1e-005,1,1.01552,10,2.16976,0.1,0.258707,5,0.1,0.421723,5,0.1
8.2e-005,1,1.02103,10,2.205,0.2,0.259861,5,0.2,0.422735,5,0.2
8.3e-005,1,1.0264,10,2.24178,0.3,0.260956,5,0.3,0.423605,5,0.3
8.4e-005,1,1.03168,10,2.28056,0.4,0.262,5,0.4,0.424366,5,0.4
8.5e-005,0,1.03683,10,2.32006,0.5,0.262985,5,0.5,0.424987,5,0.5
8.6e-005,0,1.04193,10,2.35776,0.6,0.263931,5,0.6,0.425544,5,0.6
8.7e-005,0,1.04712,10,2.39424,0.7,0.264887,5,0.7,0.426188,5,0.7
8.8e-005,0,1.05238,10,2.42908,0.8,0.265843,5,0.8,0.426886,5,0.8
8.9e-005,0,1.05773,10,2.46234,0.9,0.266806,5,0.9,0.427662,5,0.9
9e-005,0,1.06316,10,2.49402,1,0.267777,5,1,0.428513,5,1
9.1e-005,1,1.06868,10,2.52648,0.1,0.268757,5,0.1,0.429439,5,0.1
9.2e-005,1,1.07414,10,2.56094,0.2,0.269703,5,0.2,0.4303,5,0.2
9.3e-005,1,1.07948,10,2.59687,0.3,0.270592,5,0.3,0.431022,5,0.3
9.4e-005,1,1.08472,10,2.63472,0.4,0.271432,5,0.4,0.431635,5,0.4
9.5e-005,0,1.08982,10,2.67343,0.5,0.272213,5,0.5,0.432112,5,0.5
9.6e-005,0,1.09487,10,2.71028,0.6,0.272956,5,0.6,0.432514,5,0.6
9.7e-005,0,1.10001,10,2.74583,0.7,0.273709,5,0.7,0.433004,5,0.7
9.8e-005,0,1.10522,10,2.77967,0.8,0.274463,5,0.8,0.43355,5,0.8
9.9e-005,0,1.11051,10,2.81184,0.9,0.275228,5,0.9,0.434175,5,0.9
0.0001,0,1.11589,10,2.84236,1,0.276002,5,1,0.434879,5,1
0.000101,1,1.12136,10,2.87356,0.1,0.276788,5,0.1,0.435661,5,0.1
0.000102,1,1.12678,10,2.9067,0.2,0.277541,5,0.2,0.436382,5,0.2
0.000103,1,1.13207,10,2.94125,0.3,0.27824,5,0.3,0.436965,5,0.3
0.000104,1,1.13725,10,2.97765,0.4,0.278892,5,0.4,0.437441,5,0.4
0.000105,0,1.14232,10,3.01501,0.5,0.279487,5,0.5,0.437783,5,0.5
0.000106,0,1.1473,10,3.05047,0.6,0.280043,5,0.6,0.438042,5,0.6
0.000107,0,1.15239,10,3.08458,0.7,0.28061,5,0.7,0.438391,5,0.7
0.000108,0,1.15754,10,3.11691,0.8,0.281181,5,0.8,0.438797,5,0.8
0.000109,0,1.16278,10,3.14751,0.9,0.281764,5,0.9,0.439285,5,0.9
0.00011,0,1.1681,10,3.1764,1,0.282359,5,1,0.439854,5,1
0.000111,1,1.17352,10,3.20589,0.1,0.282967,5,0.1,0.440503,5,0.1
0.000112,1,1.17888,10,3.23726,0.2,0.283546,5,0.2,0.441094,5,0.2
0.000113,1,1.18412,10,3.27001,0.3,0.284072,5,0.3,0.44155,5,0.3
0.000114,1,1.18926,10,3.30455,0.4,0.284552,5,0.4,0.4419,5,0.4
0.000115,0,1.19427,10,3.34013,0.5,0.284979,5,0.5,0.442118,5,0.5
0.000116,0,1.1992,10,3.37377,0.6,0.285365,5,0.6,0.442249,5,0.6
0.000117,0,1.20423,10,3.40603,0.7,0.285766,5,0.7,0.44247,5,0.7
0.000118,0,1.20932,10,3.43646,0.8,0.286171,5,0.8,0.442749,5,0.8
0.000119,0,1.21451,10,3.4651,0.9,0.28659,5,0.9,0.443113,5,0.9
0.00012,0,1.21978,10,3.492,1,0.287024,5,1,0.44356,5,1
0.000121,1,1.22514,10,3.51944,0.1,0.287473,5,0.1,0.444089,5,0.1
0.000122,1,1.23045,10,3.54871,0.2,0.287895,5,0.2,0.444563,5,0.2
0.000123,1,1.23564,10,3.57934,0.3,0.288265,5,0.3,0.444903,5,0.3
0.000124,1,1.24072,10,3.61171,0.4,0.288593,5,0.4,0.445139,5,0.4
0.000125,0,1.24569,10,3.64517,0.5,0.288869,5,0.5,0.445245,5,0.5
0.000126,0,1.25056,10,3.67668,0.6,0.289104,5,0.6,0.445261,5,0.6
0.000127,0,1.25554,10,3.70677,0.7,0.289356,5,0.7,0.445368,5,0.7
0.000128,0,1.26058,10,3.735,0.8,0.289614,5,0.8,0.445534,5,0.8
0.000129,0,1.26571,10,3.76141,0.9,0.289888,5,0.9,0.445787,5,0.9
0.00013,0,1.27093,10,3.78604,1,0.290179,5,1,0.446125,5,1
0.000131,1,1.27624,10,3.81117,0.1,0.290486,5,0.1,0.446547,5,0.1
0.000132,1,1.2815,10,3.83811,0.2,0.290769,5,0.2,0.446916,5,0.2
0.000133,1,1.28664,10,3.86638,0.3,0.291003,5,0.3,0.447154,5,0.3
0.000134,1,1.29167,10,3.89637,0.4,0.291195,5,0.4,0.447288,5,0.4
0.000135,0,1.29659,10,3.92747,0.5,0.291338,5,0.5,0.447295,5,0.5
0.000136,0,1.30142,10,3.95661,0.6,0.291441,5,0.6,0.447209,5,0.6
0.000137,0,1.30634,10,3.98432,0.7,0.291562,5,0.7,0.447215,5,0.7
0.000138,0,1.31133,10,4.01014,0.8,0.291691,5,0.8,0.447282,5,0.8
0.000139,0,1.31641,10,4.03412,0.9,0.291838,5,0.9,0.447438,5,0.9
0.00014,0,1.32158,10,4.0563,1,0.292004,5,1,0.447681,5,1
0.000141,1,1.32685,10,4.07896,0.1,0.292189,5,0.1,0.448009,5,0.1
0.000142,1,1.33206,10,4.10341,0.2,0.29235,5,0.2,0.448286,5,0.2
0.000143,1,1.33716,10,4.12916,0.3,0.292465,5,0.3,0.448433,5,0.3
0.000144,1,1.34215,10,4.15664,0.4,0.29254,5,0.4,0.448478,5,0.4
0.000145,0,1.34702,10,4.18523,0.5,0.292567,5,0.5,0.448397,5,0.5
0.000146,0,1.3518,10,4.21186,0.6,0.292556,5,0.6,0.448224,5,0.6
0.000147,0,1.35668,10,4.23704,0.7,0.292564,5,0.7,0.448143,5,0.7
0.000148,0,1.36163,10,4.26033,0.8,0.292582,5,0.8,0.448125,5,0.8
0.000149,0,1.36666,10,4.28176,0.9,0.29262,5,0.9,0.448197,5,0.9
0.00015,0,1.3718,10,4.30138,1,0.292679,5,1,0.448357,5,1
0.000151,1,1.37702,10,4.32147,0.1,0.292758,5,0.1,0.448604,5,0.1
0.000152,1,1.38219,10,4.34334,0.2,0.292816,5,0.2,0.448801,5,0.2
0.000153,1,1.38724,10,4.36651,0.3,0.292828,5,0.3,0.448871,5,0.3
0.000154,1,1.3922,10,4.39139,0.4,0.292802,5,0.4,0.448839,5,0.4
0.000155,0,1.39703,10,4.4174,0.5,0.292731,5,0.5,0.448683,5,0.5
0.000156,0,1.40177,10,4.44144,0.6,0.292623,5,0.6,0.448435,5,0.6
0.000157,0,1.40661,10,4.46403,0.7,0.292535,5,0.7,0.448281,5,0.7
0.000158,0,1.41152,10,4.48472,0.8,0.29246,5,0.8,0.44819,5,0.8
0.000159,0,1.41652,10,4.50355,0.9,0.292406,5,0.9,0.448191,5,0.9
0.00016,0,1.42162,10,4.52057,1,0.292374,5,1,0.448281,5,1
0.000161,1,1.42681,10,4.53806,0.1,0.292364,5,0.1,0.44846,5,0.1
0.000162,1,1.43195,10,4.55733,0.2,0.292335,5,0.2,0.44859,5,0.2
0.000163,1,1.43696,10,4.5779,0.3,0.292262,5,0.3,0.448593,5,0.3
0.000164,1,1.44188,10,4.60019,0.4,0.292152,5,0.4,0.448496,5,0.4
0.000165,0,1.44668,10,4.62359,0.5,0.291998,5,0.5,0.448276,5,0.5
0.000166,0,1.4514,10,4.64502,0.6,0.29181,5,0.6,0.447966,5,0.6
0.000167,0,1.45621,10,4.66501,0.7,0.291643,5,0.7,0.447751,5,0.7
0.000168,0,1.46108,10,4.6831,0.8,0.29149,5,0.8,0.447601,5,0.8
0.000169,0,1.46605,10,4.69935,0.9,0.291361,5,0.9,0.447543,5,0.9
0.00017,0,1.47112,10,4.71378,1,0.291254,5,1,0.447575,5,1
0.000171,1,1.47628,10,4.72869,0.1,0.291171,5,0.1,0.447697,5,0.1
0.000172,1,1.48139,10,4.74539,0.2,0.29107,5,0.2,0.447771,5,0.2
0.000173,1,1.48638,10,4.7634,0.3,0.290927,5,0.3,0.44772,5,0.3
0.000174,1,1.49127,10,4.78313,0.4,0.290749,5,0.4,0.447569,5,0.4
0.000175,0,1.49604,10,4.80396,0.5,0.290528,5,0.5,0.447296,5,0.5
0.000176,0,1.50073,10,4.82282,0.6,0.290274,5,0.6,0.446936,5,0.6
0.000177,0,1.50552,10,4.84025,0.7,0.290044,5,0.7,0.446672,5,0.7
0.000178,0,1.51037,10,4.8558,0.8,0.289828,5,0.8,0.446473,5,0.8
0.000179,0,1.51532,10,4.86951,0.9,0.289637,5,0.9,0.446368,5,0.9
0.00018,0,1.52036,10,4.88142,1,0.289471,5,1,0.446354,5,1
0.000181,1,1.5255,10,4.89382,0.1,0.28933,5,0.1,0.44643,5,0.1
0.000182,1,1.53059,10,4.90803,0.2,0.289172,5,0.2,0.44646,5,0.2
0.000183,1,1.53556,10,4.92355,0.3,0.288973,5,0.3,0.446364,5,0.3
0.000184,1,1.54043,10,4.94081,0.4,0.288741,5,0.4,0.446171,5,0.4
0.000185,0,1.54518,10,4.95915,0.5,0.288467,5,0.5,0.445855,5,0.5
0.000186,0,1.54985,10,4.97553,0.6,0.288161,5,0.6,0.445455,5,0.6
0.000187,0,1.55462,10,4.99049,0.7,0.287882,5,0.7,0.445153,5,0.7
0.000188,0,1.55946,10,5.00358,0.8,0.287618,5,0.8,0.444917,5,0.8
0.000189,0,1.56439,10,5.01485,0.9,0.28738,5,0.9,0.444775,5,0.9
0.00019,0,1.56942,10,5.02433,1,0.287168,5,1,0.444725,5,1
0.000191,1,1.57453,10,5.03434,0.1,0.286982,5,0.1,0.444766,5,0.1
0.000192,1,1.57961,10,5.04616,0.2,0.28678,5,0.2,0.444761,5,0.2
0.000193,1,1.58456,10,5.05932,0.3,0.286539,5,0.3,0.44463,5,0.3
0.000194,1,1.58942,10,5.07423,0.4,0.286265,5,0.4,0.444403,5,0.4
0.000195,0,1.59415,10,5.09019,0.5,0.28595,5,0.5,0.444055,5,0.5
0.000196,0,1.59881,10,5.1042,0.6,0.285607,5,0.6,0.443625,5,0.6
0.000197,0,1.60357,10,5.1168,0.7,0.28529,5,0.7,0.443295,5,0.7
0.000198,0,1.6084,10,5.12756,0.8,0.284991,5,0.8,0.443032,5,0.8
0.000199,0,1.61332,10,5.13651,0.9,0.284718,5,0.9,0.442863,5,0.9
0.0002,0,1.61834,10,5.14371,1,0.284472,5,1,0.442786,5,1
0.000201,1,1.62345,10,5.15145,0.1,0.284254,5,0.1,0.442801,5,0.1
0.000202,1,1.62851,10,5.16103,0.2,0.28402,5,0.2,0.44277,5,0.2
0.000203,1,1.63346,10,5.17196,0.3,0.283748,5,0.3,0.442614,5,0.3
0.000204,1,1.6383,10,5.18467,0.4,0.283445,5,0.4,0.442362,5,0.4
0.000205,0,1.64303,10,5.19839,0.5,0.283102,5,0.5,0.441989,5,0.5
0.000206,0,1.64768,10,5.21017,0.6,0.282732,5,0.6,0.441539,5,0.6
0.000207,0,1.65244,10,5.22057,0.7,0.282389,5,0.7,0.44119,5,0.7
0.000208,0,1.65726,10,5.22914,0.8,0.282065,5,0.8,0.440908,5,0.8
0.000209,0,1.66218,10,5.23594,0.9,0.281769,5,0.9,0.44072,5,0.9
0.00021,0,1.66719,10,5.241,1,0.281501,5,1,0.440626,5,1
0.000211,1,1.6723,10,5.24663,0.1,0.281261,5,0.1,0.440623,5,0.1
0.000212,1,1.67736,10,5.25413,0.2,0.281006,5,0.2,0.440574,5,0.2
0.000213,1,1.6823,10,5.263,0.3,0.280714,5,0.3,0.440401,5,0.3
0.000214,1,1.68714,10,5.27366,0.4,0.280391,5,0.4,0.440132,5,0.4
0.000215,0,1.69187,10,5.28531,0.5,0.28003,5,0.5,0.439743,5,0.5
0.000216,0,1.69652,10,5.29503,0.6,0.279644,5,0.6,0.43928,5,0.6
0.000217,0,1.70127,10,5.30338,0.7,0.279286,5,0.7,0.438919,5,0.7
0.000218,0,1.7061,10,5.30994,0.8,0.278948,5,0.8,0.438626,5,0.8
0.000219,0,1.71102,10,5.31474,0.9,0.278638,5,0.9,0.438428,5,0.9
0.00022,0,1.71603,10,5.31784,1,0.278356,5,1,0.438323,5,1
0.000221,1,1.72114,10,5.32154,0.1,0.278104,5,0.1,0.43831,5,0.1
0.000222,1,1.7262,10,5.32713,0.2,0.277838,5,0.2,0.43825,5,0.2
0.000223,1,1.73114,10,5.33411,0.3,0.277535,5,0.3,0.438066,5,0.3
0.000224,1,1.73599,10,5.34292,0.4,0.277203,5,0.4,0.437788,5,0.4
0.000225,0,1.74071,10,5.35267,0.5,0.276832,5,0.5,0.437389,5,0.5
0.000226,0,1.74537,10,5.3605,0.6,0.276438,5,0.6,0.436921,5,0.6
0.000227,0,1.75013,10,5.36699,0.7,0.276074,5,0.7,0.436555,5,0.7
0.000228,0,1.75496,10,5.37171,0.8,0.27573,5,0.8,0.436258,5,0.8
0.000229,0,1.75989,10,5.3747,0.9,0.275415,5,0.9,0.436056,5,0.9
0.00023,0,1.76491,10,5.37601,1,0.275129,5,1,0.435947,5,1
0.000231,1,1.77002,10,5.37796,0.1,0.274872,5,0.1,0.43593,5,0.1
0.000232,1,1.77509,10,5.38184,0.2,0.274603,5,0.2,0.435866,5,0.2
0.000233,1,1.78003,10,5.38712,0.3,0.274297,5,0.3,0.435678,5,0.3
0.000234,1,1.78489,10,5.39425,0.4,0.273963,5,0.4,0.435396,5,0.4
0.000235,0,1.78962,10,5.40228,0.5,0.27359,5,0.5,0.434993,5,0.5
0.000236,0,1.79428,10,5.40841,0.6,0.273197,5,0.6,0.434525,5,0.6
0.000237,0,1.79905,10,5.41322,0.7,0.272833,5,0.7,0.43416,5,0.7
0.000238,0,1.80389,10,5.41629,0.8,0.272491,5,0.8,0.433865,5,0.8
0.000239,0,1.80883,10,5.41766,0.9,0.272178,5,0.9,0.433664,5,0.9
0.00024,0,1.81386,10,5.41738,1,0.271895,5,1,0.433557,5,1
0.000241,1,1.81898,10,5.41777,0.1,0.271642,5,0.1,0.433541,5,0.1
0.000242,1,1.82406,10,5.42011,0.2,0.271376,5,0.2,0.433478,5,0.2
0.000243,1,1.82901,10,5.42387,0.3,0.271074,5,0.3,0.433291,5,0.3
0.000244,1,1.83387,10,5.42952,0.4,0.270744,5,0.4,0.43301,5,0.4
0.000245,0,1.83861,10,5.43602,0.5,0.270376,5,0.5,0.432609,5,0.5
0.000246,0,1.84329,10,5.44064,0.6,0.269989,5,0.6,0.432147,5,0.6
0.000247,0,1.84808,10,5.44396,0.7,0.269633,5,0.7,0.431788,5,0.7
0.000248,0,1.85293,10,5.44557,0.8,0.269299,5,0.8,0.431499,5,0.8
0.000249,0,1.85788,10,5.44551,0.9,0.268994,5,0.9,0.431304,5,0.9
0.00025,0,1.86293,10,5.44382,1,0.26872,5,1,0.431203,5,1
0.000251,1,1.86806,10,5.44283,0.1,0.268475,5,0.1,0.431193,5,0.1
0.000252,1,1.87315,10,5.44383,0.2,0.268219,5,0.2,0.431135,5,0.2
0.000253,1,1.87812,10,5.44627,0.3,0.267926,5,0.3,0.430954,5,0.3
0.000254,1,1.88299,10,5.45061,0.4,0.267606,5,0.4,0.430679,5,0.4
0.000255,0,1.88774,10,5.45577,0.5,0.267249,5,0.5,0.430283,5,0.5
0.000256,0,1.89244,10,5.45907,0.6,0.266874,5,0.6,0.429831,5,0.6
0.000257,0,1.89724,10,5.46109,0.7,0.266531,5,0.7,0.429482,5,0.7
0.000258,0,1.90211,10,5.46143,0.8,0.266209,5,0.8,0.429202,5,0.8
0.000259,0,1.90707,10,5.46012,0.9,0.265917,5,0.9,0.429018,5,0.9
0.00026,0,1.91213,10,5.45721,1,0.265656,5,1,0.428926,5,1
0.000261,1,1.91728,10,5.45504,0.1,0.265426,5,0.1,0.428926,5,0.1
0.000262,1,1.92239,10,5.45487,0.2,0.265183,5,0.2,0.428878,5,0.2
0.000263,1,1.92737,10,5.45617,0.3,0.264905,5,0.3,0.428705,5,0.3
0.000264,1,1.93225,10,5.45939,0.4,0.264599,5,0.4,0.42844,5,0.4
0.000265,0,1.93702,10,5.46339,0.5,0.264257,5,0.5,0.428053,5,0.5
0.000266,0,1.94173,10,5.46556,0.6,0.263898,5,0.6,0.427614,5,0.6
0.000267,0,1.94655,10,5.46646,0.7,0.263571,5,0.7,0.427277,5,0.7
0.000268,0,1.95144,10,5.4657,0.8,0.263266,5,0.8,0.427012,5,0.8
0.000269,0,1.95643,10,5.46333,0.9,0.262991,5,0.9,0.42684,5,0.9
0.00027,0,1.9615,10,5.45938,1,0.262747,5,1,0.426761,5,1
0.000271,1,1.96667,10,5.4562,0.1,0.262534,5,0.1,0.426774,5,0.1
0.000272,1,1.97179,10,5.45505,0.2,0.262309,5,0.2,0.426737,5,0.2
0.000273,1,1.97679,10,5.45538,0.3,0.262048,5,0.3,0.426576,5,0.3
0.000274,1,1.98169,10,5.45767,0.4,0.26176,5,0.4,0.426323,5,0.4
0.000275,0,1.98647,10,5.46068,0.5,0.261436,5,0.5,0.425948,5,0.5
0.000276,0,1.99121,10,5.46189,0.6,0.261097,5,0.6,0.425524,5,0.6
0.000277,0,1.99605,10,5.46184,0.7,0.260789,5,0.7,0.425203,5,0.7
0.000278,0,2.00096,10,5.46017,0.8,0.260504,5,0.8,0.424953,5,0.8
0.000279,0,2.00596,10,5.4569,0.9,0.260249,5,0.9,0.424797,5,0.9
0.00028,0,2.01106,10,5.45208,1,0.260026,5,1,0.424733,5,1
0.000281,1,2.01624,10,5.44806,0.1,0.259833,5,0.1,0.42476,5,0.1
0.000282,1,2.02138,10,5.4461,0.2,0.259628,5,0.2,0.424738,5,0.2
0.000283,1,2.0264,10,5.44563,0.3,0.259387,5,0.3,0.424591,5,0.3
0.000284,1,2.03132,10,5.44714,0.4,0.25912,5,0.4,0.424351,5,0.4
0.000285,0,2.03612,10,5.44934,0.5,0.258816,5,0.5,0.42399,5,0.5
0.000286,0,2.04087,10,5.44975,0.6,0.258498,5,0.6,0.423584,5,0.6
0.000287,0,2.04573,10,5.44893,0.7,0.258212,5,0.7,0.42328,5,0.7
0.000288,0,2.05066,10,5.44651,0.8,0.257949,5,0.8,0.423047,5,0.8
0.000289,0,2.05569,10,5.44251,0.9,0.257717,5,0.9,0.422907,5,0.9
0.00029,0,2.0608,10,5.43698,1,0.257515,5,1,0.42286,5,1
0.000291,1,2.06601,10,5.43228,0.1,0.257344,5,0.1,0.422904,5,0.1
0.000292,1,2.07117,10,5.42966,0.2,0.257161,5,0.2,0.422897,5,0.2
0.000293,1,2.0762,10,5.42855,0.3,0.256942,5,0.3,0.422766,5,0.3
0.000294,1,2.08114,10,5.42944,0.4,0.256697,5,0.4,0.422542,5,0.4
0.000295,0,2.08596,10,5.43098,0.5,0.256415,5,0.5,0.422196,5,0.5
0.000296,0,2.09074,10,5.43075,0.6,0.256121,5,0.6,0.421807,5,0.6
0.000297,0,2.09562,10,5.42931,0.7,0.255858,5,0.7,0.421522,5,0.7
0.000298,0,2.10057,10,5.42629,0.8,0.255619,5,0.8,0.421307,5,0.8
0.000299,0,2.10561,10,5.42171,0.9,0.255409,5,0.9,0.421186,5,0.9
0.0003,0,2.11075,10,5.41562,1,0.255231,5,1,0.421156,5,1
0.000301,1,2.11598,10,5.4104,0.1,0.255083,5,0.1,0.421217,5,0.1
0.000302,1,2.12115,10,5.40726,0.2,0.254924,5,0.2,0.421227,5,0.2
0.000303,1,2.1262,10,5.40565,0.3,0.254728,5,0.3,0.421112,5,0.3
0.000304,1,2.13116,10,5.40606,0.4,0.254506,5,0.4,0.420904,5,0.4
0.000305,0,2.136,10,5.40709,0.5,0.254247,5,0.5,0.420574,5,0.5
0.000306,0,2.1408,10,5.40637,0.6,0.253977,5,0.6,0.420205,5,0.6
0.000307,0,2.1457,10,5.40445,0.7,0.253738,5,0.7,0.419938,5,0.7
0.000308,0,2.15067,10,5.40096,0.8,0.253523,5,0.8,0.419742,5,0.8
0.000309,0,2.15574,10,5.39594,0.9,0.253337,5,0.9,0.419639,5,0.9
0.00031,0,2.1609,10,5.38943,1,0.253183,5,1,0.419627,5,1
0.000311,1,2.16615,10,5.38381,0.1,0.253059,5,0.1,0.419706,5,0.1
0.000312,1,2.17134,10,5.38028,0.2,0.252923,5,0.2,0.419733,5,0.2
0.000313,1,2.17641,10,5.37831,0.3,0.252751,5,0.3,0.419635,5,0.3
0.000314,1,2.18139,10,5.37837,0.4,0.252552,5,0.4,0.419444,5,0.4
0.000315,0,2.18625,10,5.37901,0.5,0.252317,5,0.5,0.419131,5,0.5
0.000316,0,2.19107,10,5.37793,0.6,0.252071,5,0.6,0.418781,5,0.6
0.000317,0,2.19599,10,5.37566,0.7,0.251857,5,0.7,0.418533,5,0.7
0.000318,0,2.20098,10,5.37184,0.8,0.251665,5,0.8,0.418355,5,0.8
0.000319,0,2.20607,10,5.36651,0.9,0.251504,5,0.9,0.418271,5,0.9
0.00032,0,2.21125,10,5.3597,1.0842e-013,0.251373,5,1.0842e-013,0.418277,5,1.0842e-013
0.000321,1,2.21652,10,5.35379,0.1,0.251273,5,0.1,0.418373,5,0.1
0.000322,1,2.22173,10,5.35001,0.2,0.251161,5,0.2,0.418418,5,0.2
0.000323,1,2.22682,10,5.34778,0.3,0.251012,5,0.3,0.418336,5,0.3
0.000324,1,2.23182,10,5.34761,0.4,0.250837,5,0.4,0.418162,5,0.4
0.000325,0,2.23669,10,5.34799,0.5,0.250625,5,0.5,0.417866,5,0.5
0.000326,0,2.24154,10,5.34665,0.6,0.250403,5,0.6,0.417535,5,0.6
0.000327,0,2.24648,10,5.34415,0.7,0.250213,5,0.7,0.417305,5,0.7
0.000328,0,2.25149,10,5.34011,0.8,0.250045,5,0.8,0.417146,5,0.8
0.000329,0,2.2566,10,5.33457,0.9,0.249907,5,0.9,0.417079,5,0.9
0.00033,0,2.26179,10,5.32757,1,0.2498,5,1,0.417104,5,1
0.000331,1,2.26708,10,5.32149,0.1,0.249723,5,0.1,0.417217,5,0.1
0.000332,1,2.27231,10,5.31755,0.2,0.249634,5,0.2,0.417279,5,0.2
0.000333,1,2.27742,10,5.31518,0.3,0.249508,5,0.3,0.417214,5,0.3
0.000334,1,2.28244,10,5.31487,0.4,0.249356,5,0.4,0.417057,5,0.4
0.000335,0,2.28733,10,5.31509,0.5,0.249167,5,0.5,0.416776,5,0.5
0.000336,0,2.29219,10,5.31361,0.6,0.248968,5,0.6,0.416464,5,0.6
0.000337,0,2.29716,10,5.31097,0.7,0.2488,5,0.7,0.416252,5,0.7
0.000338,0,2.30219,10,5.30681,0.8,0.248655,5,0.8,0.41611,5,0.8
0.000339,0,2.30731,10,5.30117,0.9,0.24854,5,0.9,0.416061,5,0.9
0.00034,0,2.31253,10,5.29408,1,0.248456,5,1,0.416103,5,1
0.000341,1,2.31783,10,5.28792,0.1,0.248401,5,0.1,0.416233,5,0.1
0.000342,1,2.32308,10,5.28391,0.2,0.248334,5,0.2,0.416311,5,0.2
0.000343,1,2.32821,10,5.28148,0.3,0.248231,5,0.3,0.416262,5,0.3
0.000344,1,2.33324,10,5.28112,0.4,0.2481,5,0.4,0.416121,5,0.4
0.000345,0,2.33815,10,5.28127,0.5,0.247933,5,0.5,0.415856,5,0.5
0.000346,0,2.34303,10,5.27974,0.6,0.247756,5,0.6,0.415561,5,0.6
0.000347,0,2.34801,10,5.27705,0.7,0.247611,5,0.7,0.415366,5,0.7
0.000348,0,2.35306,10,5.27286,0.8,0.247487,5,0.8,0.415241,5,0.8
0.000349,0,2.35821,10,5.26719,0.9,0.247394,5,0.9,0.415208,5,0.9
0.00035,0,2.36344,10,5.26008,1,0.247331,5,1,0.415266,5,1
0.000351,1,2.36876,10,5.25392,0.1,0.247298,5,0.1,0.415413,5,0.1
0.000352,1,2.37403,10,5.24993,0.2,0.247252,5,0.2,0.415506,5,0.2
0.000353,1,2.37917,10,5.24751,0.3,0.247169,5,0.3,0.415472,5,0.3
0.000354,1,2.38422,10,5.24718,0.4,0.24706,5,0.4,0.415346,5,0.4
0.000355,0,2.38915,10,5.24734,0.5,0.246913,5,0.5,0.415096,5,0.5
0.000356,0,2.39405,10,5.24583,0.6,0.246757,5,0.6,0.414817,5,0.6
0.000357,0,2.39904,10,5.24318,0.7,0.246632,5,0.7,0.414638,5,0.7
0.000358,0,2.40411,10,5.23902,0.8,0.246529,5,0.8,0.414529,5,0.8
0.000359,0,2.40927,10,5.2334,0.9,0.246456,5,0.9,0.414512,5,0.9
0.00036,0,2.41452,10,5.22635,1,0.246413,5,1,0.414585,5,1
0.000361,1,2.41986,10,5.22026,0.1,0.2464,5,0.1,0.414746,5,0.1
0.000362,1,2.42514,10,5.21633,0.2,0.246373,5,0.2,0.414854,5,0.2
0.000363,1,2.4303,10,5.214,0.3,0.24631,5,0.3,0.414835,5,0.3
0.000364,1,2.43536,10,5.21376,0.4,0.24622,5,0.4,0.414723,5,0.4
0.000365,0,2.4403,10,5.21399,0.5,0.246092,5,0.5,0.414487,5,0.5
0.000366,0,2.44522,10,5.21257,0.6,0.245955,5,0.6,0.414223,5,0.6
0.000367,0,2.45023,10,5.21001,0.7,0.245849,5,0.7,0.414059,5,0.7
0.000368,0,2.45531,10,5.20595,0.8,0.245765,5,0.8,0.413964,5,0.8
0.000369,0,2.46049,10,5.20043,0.9,0.245711,5,0.9,0.413961,5,0.9
0.00037,0,2.46575,10,5.1935,1,0.245686,5,1,0.414048,5,1
0.000371,1,2.4711,10,5.18753,0.1,0.245692,5,0.1,0.414223,5,0.1
0.000372,1,2.4764,10,5.18373,0.2,0.245683,5,0.2,0.414344,5,0.2
0.000373,1,2.48157,10,5.18154,0.3,0.245638,5,0.3,0.414338,5,0.3
0.000374,1,2.48665,10,5.18143,0.4,0.245565,5,0.4,0.414239,5,0.4
0.000375,0,2.49161,10,5.1818,0.5,0.245455,5,0.5,0.414016,5,0.5
0.000376,0,2.49653,10,5.18051,0.6,0.245335,5,0.6,0.413765,5,0.6
0.000377,0,2.50156,10,5.17809,0.7,0.245247,5,0.7,0.413615,5,0.7
0.000378,0,2.50666,10,5.17418,0.8,0.24518,5,0.8,0.413533,5,0.8
0.000379,0,2.51184,10,5.16881,0.9,0.245143,5,0.9,0.413543,5,0.9
0.00038,0,2.51712,10,5.16204,1,0.245135,5,1,0.413642,5,1
0.000381,1,2.52249,10,5.15623,0.1,0.245157,5,0.1,0.41383,5,0.1
0.000382,1,2.5278,10,5.15261,0.2,0.245165,5,0.2,0.413963,5,0.2
0.000383,1,2.53298,10,5.15059,0.3,0.245136,5,0.3,0.413969,5,0.3
0.000384,1,2.53807,10,5.15066,0.4,0.245079,5,0.4,0.413882,5,0.4
0.000385,0,2.54304,10,5.1512,0.5,0.244984,5,0.5,0.41367,5,0.5
0.000386,0,2.54798,10,5.15009,0.6,0.244881,5,0.6,0.413432,5,0.6
0.000387,0,2.55302,10,5.14785,0.7,0.244808,5,0.7,0.413293,5,0.7
0.000388,0,2.55813,10,5.14412,0.8,0.244757,5,0.8,0.413224,5,0.8
0.000389,0,2.56333,10,5.13895,0.9,0.244735,5,0.9,0.413245,5,0.9
0.00039,0,2.56862,10,5.13237,2.60209e-013,0.244742,5,2.60209e-013,0.413356,5,2.60209e-013
0.000391,1,2.574,10,5.12676,0.1,0.244779,5,0.1,0.413555,5,0.1
0.000392,1,2.57932,10,5.12334,0.2,0.244801,5,0.2,0.413699,5,0.2
0.000393,1,2.58452,10,5.12153,0.3,0.244787,5,0.3,0.413716,5,0.3
0.000394,1,2.58962,10,5.12181,0.4,0.244744,5,0.4,0.413639,5,0.4
0.000395,0,2.5946,10,5.12255,0.5,0.244664,5,0.5,0.413438,5,0.5
0.000396,0,2.59955,10,5.12165,0.6,0.244575,5,0.6,0.41321,5,0.6
0.000397,0,2.6046,10,5.11962,0.7,0.244516,5,0.7,0.413082,5,0.7
0.000398,0,2.60972,10,5.11611,0.8,0.244478,5,0.8,0.413023,5,0.8
0.000399,0,2.61493,10,5.11115,0.9,0.244469,5,0.9,0.413054,5,0.9
0.0004,0,2.62023,10,5.10479,1,0.24449,5,1,0.413175,5,1
0.000401,1,2.62562,10,5.09941,0.1,0.24454,5,0.1,0.413384,5,0.1
0.000402,1,2.63095,10,5.09622,0.2,0.244575,5,0.2,0.413537,5,0.2
0.000403,1,2.63615,10,5.09463,0.3,0.244573,5,0.3,0.413564,5,0.3
0.000404,1,2.64127,10,5.09514,0.4,0.244543,5,0.4,0.413496,5,0.4
0.000405,0,2.64625,10,5.09611,0.5,0.244475,5,0.5,0.413304,5,0.5
0.000406,0,2.65122,10,5.09544,0.6,0.244398,5,0.6,0.413086,5,0.6
0.000407,0,2.65628,10,5.09364,0.7,0.244351,5,0.7,0.412967,5,0.7
0.000408,0,2.6614,10,5.09036,0.8,0.244326,5,0.8,0.412917,5,0.8
0.000409,0,2.66662,10,5.08564,0.9,0.244329,5,0.9,0.412957,5,0.9
0.00041,0,2.67193,10,5.07952,1,0.244361,5,1,0.413087,5,1
0.000411,1,2.67733,10,5.07438,0.1,0.244422,5,0.1,0.413304,5,0.1
0.000412,1,2.68267,10,5.07142,0.2,0.244469,5,0.2,0.413466,5,0.2
0.000413,1,2.68789,10,5.07007,0.3,0.244478,5,0.3,0.4135,5,0.3
0.000414,1,2.69301,10,5.07083,0.4,0.244459,5,0.4,0.413441,5,0.4
0.000415,0,2.698,10,5.07204,0.5,0.244401,5,0.5,0.413257,5,0.5
0.000416,0,2.70297,10,5.07162,0.6,0.244335,5,0.6,0.413047,5,0.6
0.000417,0,2.70804,10,5.07006,0.7,0.244298,5,0.7,0.412935,5,0.7
0.000418,0,2.71318,10,5.06703,0.8,0.244283,5,0.8,0.412893,5,0.8
0.000419,0,2.71841,10,5.06255,0.9,0.244296,5,0.9,0.412941,5,0.9
0.00042,0,2.72372,10,5.05668,3.25261e-013,0.244338,5,3.25261e-013,0.413077,5,3.25261e-013
0.000421,1,2.72913,10,5.05178,0.1,0.244408,5,0.1,0.413302,5,0.1
0.000422,1,2.73448,10,5.04908,0.2,0.244465,5,0.2,0.413471,5,0.2
0.000423,1,2.7397,10,5.04798,0.3,0.244483,5,0.3,0.413513,5,0.3
0.000424,1,2.74483,10,5.04899,0.4,0.244473,5,0.4,0.41346,5,0.4
0.000425,0,2.74983,10,5.05045,0.5,0.244425,5,0.5,0.413283,5,0.5
0.000426,0,2.7548,10,5.05027,0.6,0.244367,5,0.6,0.413079,5,0.6
0.000427,0,2.75988,10,5.04897,0.7,0.244339,5,0.7,0.412974,5,0.7
0.000428,0,2.76502,10,5.04619,0.8,0.244332,5,0.8,0.412938,5,0.8
0.000429,0,2.77026,10,5.04196,0.9,0.244354,5,0.9,0.412992,5,0.9
0.00043,0,2.77558,10,5.03634,1,0.244404,5,1,0.413135,5,1
0.000431,1,2.78099,10,5.03169,0.1,0.244483,5,0.1,0.413365,5,0.1
0.000432,1,2.78635,10,5.02924,0.2,0.244547,5,0.2,0.413541,5,0.2
0.000433,1,2.79158,10,5.02839,0.3,0.244573,5,0.3,0.413588,5,0.3
0.000434,1,2.79671,10,5.02965,0.4,0.244571,5,0.4,0.413541,5,0.4
0.000435,0,2.80172,10,5.03136,0.5,0.24453,5,0.5,0.41337,5,0.5
0.000436,0,2.8067,10,5.03143,0.6,0.24448,5,0.6,0.413171,5,0.6
0.000437,0,2.81178,10,5.03038,0.7,0.244459,5,0.7,0.413071,5,0.7
0.000438,0,2.81693,10,5.02785,0.8,0.244459,5,0.8,0.41304,5,0.8
0.000439,0,2.82217,10,5.02388,0.9,0.244487,5,0.9,0.4131,5,0.9
0.00044,0,2.8275,10,5.0185,1,0.244544,5,1,0.413248,5,1
0.000441,1,2.83291,10,5.0141,0.1,0.24463,5,0.1,0.413483,5,0.1
0.000442,1,2.83827,10,5.01189,0.2,0.2447,5,0.2,0.413663,5,0.2
0.000443,1,2.84351,10,5.01129,0.3,0.244732,5,0.3,0.413715,5,0.3
0.000444,1,2.84865,10,5.01279,0.4,0.244736,5,0.4,0.413673,5,0.4
0.000445,0,2.85366,10,5.01475,0.5,0.244701,5,0.5,0.413506,5,0.5
0.000446,0,2.85865,10,5.01507,0.6,0.244657,5,0.6,0.413312,5,0.6
0.000447,0,2.86373,10,5.01427,0.7,0.244642,5,0.7,0.413216,5,0.7
0.000448,0,2.86888,10,5.01198,0.8,0.244647,5,0.8,0.413189,5,0.8
0.000449,0,2.87413,10,5.00825,0.9,0.244681,5,0.9,0.413252,5,0.9
0.00045,0,2.87946,10,5.00311,1,0.244743,5,1,0.413404,5,1
0.000451,1,2.88488,10,4.99896,0.1,0.244834,5,0.1,0.413643,5,0.1
0.000452,1,2.89025,10,4.99699,0.2,0.244909,5,0.2,0.413827,5,0.2
0.000453,1,2.89548,10,4.99662,0.3,0.244947,5,0.3,0.413883,5,0.3
0.000454,1,2.90062,10,4.99836,0.4,0.244956,5,0.4,0.413844,5,0.4
0.000455,0,2.90564,10,5.00056,0.5,0.244925,5,0.5,0.413681,5,0.5
0.000456,0,2.91063,10,5.00112,0.6,0.244885,5,0.6,0.41349,5,0.6
0.000457,0,2.91572,10,5.00055,0.7,0.244874,5,0.7,0.413397,5,0.7
0.000458,0,2.92088,10,4.9985,0.8,0.244884,5,0.8,0.413373,5,0.8
0.000459,0,2.92612,10,4.995,0.9,0.244922,5,0.9,0.41344,5,0.9
0.00046,0,2.93146,10,4.9901,4.11997e-013,0.244988,5,4.11997e-013,0.413595,5,4.11997e-013
0.000461,1,2.93688,10,4.98617,0.1,0.245083,5,0.1,0.413837,5,0.1
0.000462,1,2.94225,10,4.98443,0.2,0.245162,5,0.2,0.414023,5,0.2
0.000463,1,2.94749,10,4.98429,0.3,0.245203,5,0.3,0.414082,5,0.3
0.000464,1,2.95264,10,4.98625,0.4,0.245215,5,0.4,0.414046,5,0.4
0.000465,0,2.95766,10,4.98868,0.5,0.245189,5,0.5,0.413885,5,0.5
0.000466,0,2.96265,10,4.98947,0.6,0.245152,5,0.6,0.413696,5,0.6
0.000467,0,2.96774,10,4.98912,0.7,0.245144,5,0.7,0.413606,5,0.7
0.000468,0,2.9729,10,4.98729,0.8,0.245157,5,0.8,0.413584,5,0.8
0.000469,0,2.97815,10,4.98401,0.9,0.245198,5,0.9,0.413652,5,0.9
0.00047,0,2.98348,10,4.97933,1,0.245267,5,1,0.413809,5,1
0.000471,1,2.98891,10,4.97562,0.1,0.245364,5,0.1,0.414053,5,0.1
0.000472,1,2.99428,10,4.97409,0.2,0.245446,5,0.2,0.414242,5,0.2
0.000473,1,2.99952,10,4.97416,0.3,0.24549,5,0.3,0.414303,5,0.3
0.000474,1,3.00467,10,4.97633,0.4,0.245504,5,0.4,0.414269,5,0.4
0.000475,0,3.00969,10,4.97898,0.5,0.24548,5,0.5,0.41411,5,0.5
0.000476,0,3.01468,10,4.97997,0.6,0.245445,5,0.6,0.413922,5,0.6
0.000477,0,3.01978,10,4.97984,0.7,0.24544,5,0.7,0.413833,5,0.7
0.000478,0,3.02494,10,4.97822,0.8,0.245455,5,0.8,0.413813,5,0.8
0.000479,0,3.03019,10,4.97514,0.9,0.245497,5,0.9,0.413882,5,0.9
0.00048,0,3.03553,10,4.97066,1,0.245568,5,1,0.41404,5,1
0.000481,1,3.04095,10,4.96715,0.1,0.245667,5,0.1,0.414286,5,0.1
0.000482,1,3.04633,10,4.96582,0.2,0.245751,5,0.2,0.414476,5,0.2
0.000483,1,3.05157,10,4.96608,0.3,0.245796,5,0.3,0.414537,5,0.3
0.000484,1,3.05672,10,4.96845,0.4,0.245812,5,0.4,0.414505,5,0.4
0.000485,0,3.06174,10,4.97129,0.5,0.245789,5,0.5,0.414347,5,0.5
0.000486,0,3.06673,10,4.97249,0.6,0.245755,5,0.6,0.41416,5,0.6
0.000487,0,3.07183,10,4.97254,0.7,0.245751,5,0.7,0.414072,5,0.7
0.000488,0,3.07699,10,4.97111,0.8,0.245767,5,0.8,0.414052,5,0.8
0.000489,0,3.08224,10,4.96823,0.9,0.24581,5,0.9,0.414122,5,0.9
0.00049,0,3.08758,10,4.96393,1,0.245882,5,1,0.414281,5,1
0.000491,1,3.09301,10,4.9606,0.1,0.245982,5,0.1,0.414526,5,0.1
0.000492,1,3.09838,10,4.95945,0.2,0.246066,5,0.2,0.414717,5,0.2
0.000493,1,3.10362,10,4.95989,0.3,0.246112,5,0.3,0.414779,5,0.3
0.000494,1,3.10877,10,4.96243,0.4,0.246129,5,0.4,0.414747,5,0.4
0.000495,0,3.1138,10,4.96546,0.5,0.246106,5,0.5,0.41459,5,0.5
0.000496,0,3.11879,10,4.96683,0.6,0.246073,5,0.6,0.414403,5,0.6
0.000497,0,3.12388,10,4.96706,0.7,0.246069,5,0.7,0.414315,5,0.7
0.000498,0,3.12905,10,4.96581,0.8,0.246085,5,0.8,0.414295,5,0.8
0.000499,0,3.1343,10,4.96309,0.9,0.246129,5,0.9,0.414365,5,0.9
0.0005,0,3.13964,10,4.95896,1,0.246201,5,1,0.414524,5,1
0.000501,1,3.14506,10,4.9558,0.1,0.246301,5,0.1,0.414769,5,0.1
0.000502,1,3.15044,10,4.95481,0.2,0.246385,5,0.2,0.41496,5,0.2
0.000503,1,3.15568,10,4.95541,0.3,0.246431,5,0.3,0.415022,5,0.3
0.000504,1,3.16083,10,4.95811,0.4,0.246447,5,0.4,0.41499,5,0.4
0.000505,0,3.16585,10,4.9613,0.5,0.246425,5,0.5,0.414833,5,0.5
0.000506,0,3.17085,10,4.96283,0.6,0.246391,5,0.6,0.414645,5,0.6
0.000507,0,3.17594,10,4.96322,0.7,0.246387,5,0.7,0.414557,5,0.7
0.000508,0,3.1811,10,4.96211,0.8,0.246402,5,0.8,0.414536,5,0.8
0.000509,0,3.18635,10,4.95955,0.9,0.246446,5,0.9,0.414606,5,0.9
0.00051,0,3.19169,10,4.95557,1,0.246517,5,1,0.414764,5,1
0.000511,1,3.19712,10,4.95255,0.1,0.246616,5,0.1,0.415009,5,0.1
0.000512,1,3.20249,10,4.9517,0.2,0.2467,5,0.2,0.415199,5,0.2
0.000513,1,3.20773,10,4.95245,0.3,0.246745,5,0.3,0.415261,5,0.3
0.000514,1,3.21288,10,4.95528,0.4,0.246761,5,0.4,0.415229,5,0.4
0.000515,0,3.21791,10,4.95862,0.5,0.246738,5,0.5,0.415071,5,0.5
0.000516,0,3.2229,10,4.96029,0.6,0.246703,5,0.6,0.414882,5,0.6
0.000517,0,3.22799,10,4.96082,0.7,0.246698,5,0.7,0.414793,5,0.7
0.000518,0,3.23315,10,4.95985,0.8,0.246712,5,0.8,0.414771,5,0.8
0.000519,0,3.2384,10,4.95743,0.9,0.246755,5,0.9,0.41484,5,0.9
0.00052,0,3.24374,10,4.95358,1,0.246825,5,1,0.414997,5,1
0.000521,1,3.24917,10,4.95068,0.1,0.246923,5,0.1,0.415242,5,0.1
0.000522,1,3.25454,10,4.94996,0.2,0.247005,5,0.2,0.415431,5,0.2
0.000523,1,3.25978,10,4.95083,0.3,0.247049,5,0.3,0.415492,5,0.3
0.000524,1,3.26493,10,4.95378,0.4,0.247064,5,0.4,0.415459,5,0.4
0.000525,0,3.26995,10,4.95724,0.5,0.24704,5,0.5,0.4153,5,0.5
0.000526,0,3.27494,10,4.95904,0.6,0.247004,5,0.6,0.41511,5,0.6
0.000527,0,3.28003,10,4.95969,0.7,0.246997,5,0.7,0.415019,5,0.7
0.000528,0,3.28519,10,4.95884,0.8,0.24701,5,0.8,0.414997,5,0.8
0.000529,0,3.29044,10,4.95653,0.9,0.247051,5,0.9,0.415064,5,0.9
0.00053,0,3.29578,10,4.95279,5.63785e-013,0.247119,5,5.63785e-013,0.41522,5,5.63785e-013
0.000531,1,3.3012,10,4.95,0.1,0.247216,5,0.1,0.415463,5,0.1
0.000532,1,3.30657,10,4.94939,0.2,0.247297,5,0.2,0.415651,5,0.2
0.000533,1,3.31181,10,4.95036,0.3,0.247339,5,0.3,0.415711,5,0.3
0.000534,1,3.31696,10,4.95342,0.4,0.247353,5,0.4,0.415677,5,0.4
0.000535,0,3.32198,10,4.95699,0.5,0.247326,5,0.5,0.415517,5,0.5
0.000536,0,3.32697,10,4.95889,0.6,0.247289,5,0.6,0.415326,5,0.6
0.000537,0,3.33206,10,4.95964,0.7,0.24728,5,0.7,0.415233,5,0.7
0.000538,0,3.33722,10,4.95889,0.8,0.247291,5,0.8,0.415209,5,0.8
0.000539,0,3.34247,10,4.95667,0.9,0.24733,5,0.9,0.415275,5,0.9
0.00054,0,3.3478,10,4.95303,1,0.247397,5,1,0.41543,5,1
0.000541,1,3.35323,10,4.95034,0.1,0.247492,5,0.1,0.415671,5,0.1
0.000542,1,3.3586,10,4.94981,0.2,0.247571,5,0.2,0.415858,5,0.2
0.000543,1,3.36384,10,4.95087,0.3,0.247611,5,0.3,0.415917,5,0.3
0.000544,1,3.36898,10,4.95402,0.4,0.247623,5,0.4,0.415881,5,0.4
0.000545,0,3.374,10,4.95768,0.5,0.247595,5,0.5,0.41572,5,0.5
0.000546,0,3.37899,10,4.95966,0.6,0.247555,5,0.6,0.415527,5,0.6
0.000547,0,3.38408,10,4.9605,0.7,0.247544,5,0.7,0.415432,5,0.7
0.000548,0,3.38923,10,4.95984,0.8,0.247553,5,0.8,0.415406,5,0.8
0.000549,0,3.39448,10,4.9577,0.9,0.24759,5,0.9,0.415471,5,0.9
0.00055,0,3.39982,10,4.95414,1,0.247655,5,1,0.415624,5,1
0.000551,1,3.40524,10,4.95152,0.1,0.247747,5,0.1,0.415864,5,0.1
0.000552,1,3.4106,10,4.95107,0.2,0.247825,5,0.2,0.416049,5,0.2
0.000553,1,3.41584,10,4.9522,0.3,0.247863,5,0.3,0.416106,5,0.3
0.000554,1,3.42099,10,4.95542,0.4,0.247872,5,0.4,0.416069,5,0.4
0.000555,0,3.42601,10,4.95915,0.5,0.247842,5,0.5,0.415906,5,0.5
0.000556,0,3.43099,10,4.96121,0.6,0.2478,5,0.6,0.415711,5,0.6
0.000557,0,3.43608,10,4.96211,0.7,0.247787,5,0.7,0.415615,5,0.7
0.000558,0,3.44123,10,4.96152,0.8,0.247794,5,0.8,0.415587,5,0.8
0.000559,0,3.44648,10,4.95945,0.9,0.247828,5,0.9,0.41565,5,0.9
0.00056,0,3.45181,10,4.95595,6.28837e-013,0.247891,5,6.28837e-013,0.415801,5,6.28837e-013
0.000561,1,3.45723,10,4.95339,0.1,0.247981,5,0.1,0.416039,5,0.1
0.000562,1,3.46259,10,4.953,0.2,0.248056,5,0.2,0.416223,5,0.2
0.000563,1,3.46783,10,4.95419,0.3,0.248092,5,0.3,0.416278,5,0.3
0.000564,1,3.47297,10,4.95745,0.4,0.248099,5,0.4,0.416239,5,0.4
0.000565,0,3.47799,10,4.96125,0.5,0.248067,5,0.5,0.416075,5,0.5
0.000566,0,3.48298,10,4.96336,0.6,0.248022,5,0.6,0.415878,5,0.6
0.000567,0,3.48806,10,4.96432,0.7,0.248007,5,0.7,0.41578,5,0.7
0.000568,0,3.49321,10,4.96378,0.8,0.248012,5,0.8,0.41575,5,0.8
0.000569,0,3.49845,10,4.96176,0.9,0.248044,5,0.9,0.415811,5,0.9
0.00057,0,3.50379,10,4.95831,1,0.248104,5,1,0.41596,5,1
0.000571,1,3.5092,10,4.9558,0.1,0.248192,5,0.1,0.416197,5,0.1
0.000572,1,3.51457,10,4.95545,0.2,0.248264,5,0.2,0.416379,5,0.2
0.000573,1,3.5198,10,4.95668,0.3,0.248298,5,0.3,0.416433,5,0.3
0.000574,1,3.52494,10,4.95999,0.4,0.248303,5,0.4,0.416392,5,0.4
0.000575,0,3.52996,10,4.96383,0.5,0.248268,5,0.5,0.416226,5,0.5
0.000576,0,3.53494,10,4.96598,0.6,0.248221,5,0.6,0.416027,5,0.6
0.000577,0,3.54002,10,4.96699,0.7,0.248203,5,0.7,0.415927,5,0.7
0.000578,0,3.54518,10,4.96648,0.8,0.248206,5,0.8,0.415896,5,0.8
0.000579,0,3.55042,10,4.9645,0.9,0.248236,5,0.9,0.415954,5,0.9
0.00058,0,3.55574,10,4.96109,1,0.248293,5,1,0.416102,5,1
0.000581,1,3.56116,10,4.95861,0.1,0.248379,5,0.1,0.416337,5,0.1
0.000582,1,3.56652,10,4.95829,0.2,0.248449,5,0.2,0.416517,5,0.2
0.000583,1,3.57176,10,4.95956,0.3,0.248481,5,0.3,0.416569,5,0.3
0.000584,1,3.5769,10,4.9629,0.4,0.248483,5,0.4,0.416526,5,0.4
0.000585,0,3.58191,10,4.96676,0.5,0.248446,5,0.5,0.416358,5,0.5
0.000586,0,3.58689,10,4.96895,0.6,0.248397,5,0.6,0.416158,5,0.6
0.000587,0,3.59197,10,4.96999,0.7,0.248376,5,0.7,0.416056,5,0.7
0.000588,0,3.59712,10,4.96951,0.8,0.248376,5,0.8,0.416023,5,0.8
0.000589,0,3.60236,10,4.96755,0.9,0.248404,5,0.9,0.41608,5,0.9
0.00059,0,3.60769,10,4.96416,6.93889e-013,0.248459,5,6.93889e-013,0.416225,5,6.93889e-013
0.000591,1,3.6131,10,4.96171,0.1,0.248542,5,0.1,0.416458,5,0.1
0.000592,1,3.61846,10,4.96141,0.2,0.24861,5,0.2,0.416637,5,0.2
0.000593,1,3.62369,10,4.96269,0.3,0.24864,5,0.3,0.416687,5,0.3
0.000594,1,3.62883,10,4.96605,0.4,0.24864,5,0.4,0.416643,5,0.4
0.000595,0,3.63384,10,4.96994,0.5,0.2486,5,0.5,0.416473,5,0.5
0.000596,0,3.63882,10,4.97215,0.6,0.248549,5,0.6,0.416271,5,0.6
0.000597,0,3.6439,10,4.9732,0.7,0.248526,5,0.7,0.416167,5,0.7
0.000598,0,3.64905,10,4.97274,0.8,0.248524,5,0.8,0.416132,5,0.8
0.000599,0,3.65428,10,4.9708,0.9,0.248549,5,0.9,0.416187,5,0.9
0.0006,0,3.65961,10,4.96742,1,0.248602,5,1,0.416331,5,1
0.000601,1,3.66502,10,4.96498,0.1,0.248683,5,0.1,0.416562,5,0.1
0.000602,1,3.67038,10,4.9647,0.2,0.248749,5,0.2,0.416739,5,0.2
0.000603,1,3.67561,10,4.96599,0.3,0.248776,5,0.3,0.416788,5,0.3
0.000604,1,3.68075,10,4.96936,0.4,0.248773,5,0.4,0.416742,5,0.4
0.000605,0,3.68576,10,4.97326,0.5,0.248732,5,0.5,0.416571,5,0.5
0.000606,0,3.69074,10,4.97547,0.6,0.248678,5,0.6,0.416366,5,0.6
0.000607,0,3.69581,10,4.97654,0.7,0.248653,5,0.7,0.416261,5,0.7
0.000608,0,3.70096,10,4.97608,0.8,0.248649,5,0.8,0.416224,5,0.8
0.000609,0,3.70619,10,4.97415,0.9,0.248671,5,0.9,0.416278,5,0.9
0.00061,0,3.71152,10,4.97078,1,0.248722,5,1,0.41642,5,1
0.000611,1,3.71693,10,4.96834,0.1,0.248801,5,0.1,0.416649,5,0.1
0.000612,1,3.72228,10,4.96806,0.2,0.248865,5,0.2,0.416824,5,0.2
0.000613,1,3.72751,10,4.96935,0.3,0.24889,5,0.3,0.416872,5,0.3
0.000614,1,3.73265,10,4.97272,0.4,0.248885,5,0.4,0.416824,5,0.4
0.000615,0,3.73766,10,4.97662,0.5,0.248841,5,0.5,0.416652,5,0.5
0.000616,0,3.74263,10,4.97884,0.6,0.248785,5,0.6,0.416446,5,0.6
0.000617,0,3.74771,10,4.9799,0.7,0.248759,5,0.7,0.416339,5,0.7
0.000618,0,3.75285,10,4.97945,0.8,0.248752,5,0.8,0.4163,5,0.8
0.000619,0,3.75808,10,4.97751,0.9,0.248773,5,0.9,0.416352,5,0.9
0.00062,0,3.76341,10,4.97414,1,0.248822,5,1,0.416493,5,1
0.000621,1,3.76882,10,4.9717,0.1,0.248898,5,0.1,0.416721,5,0.1
0.000622,1,3.77417,10,4.97141,0.2,0.24896,5,0.2,0.416894,5,0.2
0.000623,1,3.7794,10,4.9727,0.3,0.248983,5,0.3,0.41694,5,0.3
0.000624,1,3.78453,10,4.97606,0.4,0.248976,5,0.4,0.416891,5,0.4
0.000625,0,3.78954,10,4.97996,0.5,0.248931,5,0.5,0.416717,5,0.5
0.000626,0,3.79452,10,4.98218,0.6,0.248873,5,0.6,0.416509,5,0.6
0.000627,0,3.79959,10,4.98323,0.7,0.248844,5,0.7,0.416401,5,0.7
0.000628,0,3.80473,10,4.98277,0.8,0.248835,5,0.8,0.416361,5,0.8
0.000629,0,3.80996,10,4.98083,0.9,0.248854,5,0.9,0.416411,5,0.9
0.00063,0,3.81528,10,4.97744,1,0.248901,5,1,0.416551,5,1
0.000631,1,3.82069,10,4.97499,0.1,0.248976,5,0.1,0.416777,5,0.1
0.000632,1,3.82605,10,4.9747,0.2,0.249036,5,0.2,0.416949,5,0.2
0.000633,1,3.83127,10,4.97598,0.3,0.249057,5,0.3,0.416994,5,0.3
0.000634,1,3.8364,10,4.97933,0.4,0.249049,5,0.4,0.416943,5,0.4
0.000635,0,3.84141,10,4.98321,0.5,0.249001,5,0.5,0.416768,5,0.5
0.000636,0,3.84638,10,4.98542,0.6,0.248941,5,0.6,0.416559,5,0.6
0.000637,0,3.85146,10,4.98646,0.7,0.248911,5,0.7,0.416449,5,0.7
0.000638,0,3.8566,10,4.98599,0.8,0.2489,5,0.8,0.416408,5,0.8
0.000639,0,3.86183,10,4.98403,0.9,0.248917,5,0.9,0.416457,5,0.9
0.00064,0,3.86715,10,4.98063,8.0231e-013,0.248963,5,8.0231e-013,0.416595,5,8.0231e-013
0.000641,1,3.87255,10,4.97817,0.1,0.249036,5,0.1,0.41682,5,0.1
0.000642,1,3.87791,10,4.97786,0.2,0.249094,5,0.2,0.416991,5,0.2
0.000643,1,3.88313,10,4.97912,0.3,0.249113,5,0.3,0.417034,5,0.3
0.000644,1,3.88826,10,4.98245,0.4,0.249103,5,0.4,0.416982,5,0.4
0.000645,0,3.89327,10,4.98633,0.5,0.249054,5,0.5,0.416806,5,0.5
0.000646,0,3.89824,10,4.98851,0.6,0.248993,5,0.6,0.416596,5,0.6
0.000647,0,3.90331,10,4.98954,0.7,0.24896,5,0.7,0.416485,5,0.7
0.000648,0,3.90845,10,4.98905,0.8,0.248948,5,0.8,0.416442,5,0.8
0.000649,0,3.91368,10,4.98708,0.9,0.248964,5,0.9,0.41649,5,0.9
0.00065,0,3.919,10,4.98366,1,0.249007,5,1,0.416627,5,1
0.000651,1,3.9244,10,4.98118,0.1,0.249079,5,0.1,0.416851,5,0.1
0.000652,1,3.92975,10,4.98085,0.2,0.249135,5,0.2,0.417021,5,0.2
0.000653,1,3.93498,10,4.98209,0.3,0.249153,5,0.3,0.417062,5,0.3
0.000654,1,3.94011,10,4.98541,0.4,0.249142,5,0.4,0.41701,5,0.4
0.000655,0,3.94511,10,4.98926,0.5,0.249091,5,0.5,0.416832,5,0.5
0.000656,0,3.95008,10,4.99143,0.6,0.249028,5,0.6,0.416621,5,0.6
0.000657,0,3.95515,10,4.99244,0.7,0.248995,5,0.7,0.416509,5,0.7
0.000658,0,3.96029,10,4.99192,0.8,0.248981,5,0.8,0.416465,5,0.8
0.000659,0,3.96552,10,4.98993,0.9,0.248995,5,0.9,0.416512,5,0.9
0.00066,0,3.97084,10,4.9865,1,0.249038,5,1,0.416647,5,1
0.000661,1,3.97624,10,4.98399,0.1,0.249108,5,0.1,0.416871,5,0.1
0.000662,1,3.98159,10,4.98364,0.2,0.249163,5,0.2,0.417039,5,0.2
0.000663,1,3.98681,10,4.98486,0.3,0.249179,5,0.3,0.41708,5,0.3
0.000664,1,3.99194,10,4.98815,0.4,0.249167,5,0.4,0.417027,5,0.4
0.000665,0,3.99695,10,4.99199,0.5,0.249115,5,0.5,0.416848,5,0.5
0.000666,0,4.00192,10,4.99413,0.6,0.249051,5,0.6,0.416636,5,0.6
0.000667,0,4.00698,10,4.99512,0.7,0.249016,5,0.7,0.416523,5,0.7
0.000668,0,4.01212,10,4.99458,0.8,0.249001,5,0.8,0.416478,5,0.8
0.000669,0,4.01735,10,4.99257,0.9,0.249014,5,0.9,0.416524,5,0.9
0.00067,0,4.02267,10,4.98911,8.67362e-013,0.249055,5,8.67362e-013,0.416658,5,8.67362e-013
0.000671,1,4.02807,10,4.98658,0.1,0.249124,5,0.1,0.416881,5,0.1
0.000672,1,4.03342,10,4.9862,0.2,0.249178,5,0.2,0.417049,5,0.2
0.000673,1,4.03864,10,4.9874,0.3,0.249193,5,0.3,0.417089,5,0.3
0.000674,1,4.04377,10,4.99067,0.4,0.249179,5,0.4,0.417034,5,0.4
0.000675,0,4.04877,10,4.99448,0.5,0.249126,5,0.5,0.416855,5,0.5
0.000676,0,4.05374,10,4.9966,0.6,0.249061,5,0.6,0.416642,5,0.6
0.000677,0,4.05881,10,4.99756,0.7,0.249025,5,0.7,0.416528,5,0.7
0.000678,0,4.06394,10,4.99701,0.8,0.249009,5,0.8,0.416482,5,0.8
0.000679,0,4.06917,10,4.99497,0.9,0.249021,5,0.9,0.416527,5,0.9
0.00068,0,4.07449,10,4.99148,1,0.249061,5,1,0.416661,5,1
0.000681,1,4.07989,10,4.98893,0.1,0.249129,5,0.1,0.416883,5,0.1
0.000682,1,4.08524,10,4.98853,0.2,0.249182,5,0.2,0.41705,5,0.2
0.000683,1,4.09046,10,4.98971,0.3,0.249196,5,0.3,0.417089,5,0.3
0.000684,1,4.09559,10,4.99295,0.4,0.249181,5,0.4,0.417034,5,0.4
0.000685,0,4.10059,10,4.99673,0.5,0.249127,5,0.5,0.416854,5,0.5
0.000686,0,4.10556,10,4.99883,0.6,0.249061,5,0.6,0.41664,5,0.6
0.000687,0,4.11062,10,4.99977,0.7,0.249024,5,0.7,0.416525,5,0.7
0.000688,0,4.11576,10,4.99918,0.8,0.249007,5,0.8,0.416479,5,0.8
0.000689,0,4.12099,10,4.99712,0.9,0.249018,5,0.9,0.416523,5,0.9
0.00069,0,4.1263,10,4.99361,1,0.249057,5,1,0.416657,5,1
0.000691,1,4.1317,10,4.99104,0.1,0.249124,5,0.1,0.416878,5,0.1
0.000692,1,4.13705,10,4.99061,0.2,0.249176,5,0.2,0.417044,5,0.2
0.000693,1,4.14227,10,4.99176,0.3,0.24919,5,0.3,0.417083,5,0.3
0.000694,1,4.1474,10,4.99498,0.4,0.249174,5,0.4,0.417027,5,0.4
0.000695,0,4.1524,10,4.99874,0.5,0.249119,5,0.5,0.416846,5,0.5
0.000696,0,4.15737,10,5.00081,0.6,0.249052,5,0.6,0.416632,5,0.6
0.000697,0,4.16243,10,5.00172,0.7,0.249014,5,0.7,0.416517,5,0.7
0.000698,0,4.16757,10,5.00111,0.8,0.248997,5,0.8,0.41647,5,0.8
0.000699,0,4.17279,10,4.99902,0.9,0.249007,5,0.9,0.416514,5,0.9
0.0007,0,4.17811,10,4.99549,9.32414e-013,0.249045,5,9.32414e-013,0.416647,5,9.32414e-013
0.000701,1,4.18351,10,4.99289,0.1,0.249112,5,0.1,0.416867,5,0.1
0.000702,1,4.18886,10,4.99244,0.2,0.249163,5,0.2,0.417033,5,0.2
0.000703,1,4.19408,10,4.99356,0.3,0.249176,5,0.3,0.417071,5,0.3
0.000704,1,4.1992,10,4.99676,0.4,0.24916,5,0.4,0.417015,5,0.4
0.000705,0,4.20421,10,5.00049,0.5,0.249104,5,0.5,0.416834,5,0.5
0.000706,0,4.20917,10,5.00254,0.6,0.249037,5,0.6,0.416619,5,0.6
0.000707,0,4.21424,10,5.00342,0.7,0.248998,5,0.7,0.416503,5,0.7
0.000708,0,4.21937,10,5.00279,0.8,0.24898,5,0.8,0.416456,5,0.8
0.000709,0,4.2246,10,5.00068,0.9,0.24899,5,0.9,0.416499,5,0.9
0.00071,0,4.22991,10,4.99712,1,0.249027,5,1,0.416632,5,1
0.000711,1,4.23531,10,4.99449,0.1,0.249093,5,0.1,0.416852,5,0.1
0.000712,1,4.24066,10,4.99402,0.2,0.249144,5,0.2,0.417017,5,0.2
0.000713,1,4.24588,10,4.99512,0.3,0.249156,5,0.3,0.417055,5,0.3
0.000714,1,4.25101,10,4.99829,0.4,0.249139,5,0.4,0.416998,5,0.4
0.000715,0,4.25601,10,5.002,0.5,0.249083,5,0.5,0.416817,5,0.5
0.000716,0,4.26097,10,5.00402,0.6,0.249015,5,0.6,0.416601,5,0.6
0.000717,0,4.26604,10,5.00488,0.7,0.248976,5,0.7,0.416485,5,0.7
0.000718,0,4.27117,10,5.00423,0.8,0.248958,5,0.8,0.416438,5,0.8
0.000719,0,4.2764,10,5.00209,0.9,0.248967,5,0.9,0.416481,5,0.9
0.00072,0,4.28171,10,4.99851,1,0.249004,5,1,0.416613,5,1
0.000721,1,4.28711,10,4.99586,0.1,0.24907,5,0.1,0.416833,5,0.1
0.000722,1,4.29246,10,4.99536,0.2,0.24912,5,0.2,0.416998,5,0.2
0.000723,1,4.29768,10,4.99644,0.3,0.249132,5,0.3,0.417035,5,0.3
0.000724,1,4.30281,10,4.99959,0.4,0.249115,5,0.4,0.416978,5,0.4
0.000725,0,4.30781,10,5.00327,0.5,0.249058,5,0.5,0.416797,5,0.5
0.000726,0,4.31277,10,5.00527,0.6,0.24899,5,0.6,0.416581,5,0.6
0.000727,0,4.31784,10,5.00611,0.7,0.24895,5,0.7,0.416465,5,0.7
0.000728,0,4.32297,10,5.00543,0.8,0.248931,5,0.8,0.416417,5,0.8
0.000729,0,4.3282,10,5.00327,0.9,0.24894,5,0.9,0.41646,5,0.9
0.00073,0,4.33351,10,4.99967,9.97466e-013,0.248977,5,9.97466e-013,0.416592,5,9.97466e-013
0.000731,1,4.33891,10,4.997,0.1,0.249042,5,0.1,0.416811,5,0.1
0.000732,1,4.34426,10,4.99648,0.2,0.249092,5,0.2,0.416976,5,0.2
0.000733,1,4.34948,10,4.99753,0.3,0.249104,5,0.3,0.417013,5,0.3
0.000734,1,4.3546,10,5.00066,0.4,0.249086,5,0.4,0.416956,5,0.4
0.000735,0,4.3596,10,5.00432,0.5,0.24903,5,0.5,0.416774,5,0.5
0.000736,0,4.36457,10,5.0063,0.6,0.248961,5,0.6,0.416558,5,0.6
0.000737,0,4.36963,10,5.00712,0.7,0.248921,5,0.7,0.416442,5,0.7
0.000738,0,4.37477,10,5.00642,0.8,0.248902,5,0.8,0.416394,5,0.8
0.000739,0,4.37999,10,5.00424,0.9,0.248911,5,0.9,0.416437,5,0.9
0.00074,0,4.38531,10,5.00061,1,0.248948,5,1,0.416568,5,1
0.000741,1,4.39071,10,4.99792,0.1,0.249013,5,0.1,0.416788,5,0.1
0.000742,1,4.39605,10,4.99738,0.2,0.249062,5,0.2,0.416953,5,0.2
0.000743,1,4.40127,10,4.99842,0.3,0.249074,5,0.3,0.41699,5,0.3
0.000744,1,4.4064,10,5.00152,0.4,0.249056,5,0.4,0.416932,5,0.4
0.000745,0,4.4114,10,5.00516,0.5,0.248999,5,0.5,0.41675,5,0.5
0.000746,0,4.41636,10,5.00712,0.6,0.24893,5,0.6,0.416534,5,0.6
0.000747,0,4.42143,10,5.00792,0.7,0.248891,5,0.7,0.416418,5,0.7
0.000748,0,4.42656,10,5.0072,0.8,0.248871,5,0.8,0.41637,5,0.8
0.000749,0,4.43179,10,5.005,0.9,0.24888,5,0.9,0.416413,5,0.9
0.00075,0,4.4371,10,5.00135,1,0.248916,5,1,0.416544,5,1
0.000751,1,4.4425,10,4.99864,0.1,0.248981,5,0.1,0.416763,5,0.1
0.000752,1,4.44785,10,4.99808,0.2,0.249031,5,0.2,0.416928,5,0.2
0.000753,1,4.45307,10,4.9991,0.3,0.249042,5,0.3,0.416965,5,0.3
0.000754,1,4.45819,10,5.00219,0.4,0.249024,5,0.4,0.416908,5,0.4
0.000755,0,4.46319,10,5.00581,0.5,0.248967,5,0.5,0.416726,5,0.5
0.000756,0,4.46816,10,5.00775,0.6,0.248899,5,0.6,0.41651,5,0.6
0.000757,0,4.47322,10,5.00853,0.7,0.248859,5,0.7,0.416393,5,0.7
0.000758,0,4.47836,10,5.00779,0.8,0.24884,5,0.8,0.416345,5,0.8
0.000759,0,4.48358,10,5.00557,0.9,0.248848,5,0.9,0.416388,5,0.9
0.00076,0,4.48889,10,5.00191,1.06252e-012,0.248885,5,1.06252e-012,0.41652,5,1.06252e-012
0.000761,1,4.4943,10,4.99919,0.1,0.248949,5,0.1,0.416739,5,0.1
0.000762,1,4.49964,10,4.99861,0.2,0.248999,5,0.2,0.416903,5,0.2
0.000763,1,4.50486,10,4.99961,0.3,0.24901,5,0.3,0.416941,5,0.3
0.000764,1,4.50999,10,5.00268,0.4,0.248992,5,0.4,0.416883,5,0.4
0.000765,0,4.51499,10,5.00629,0.5,0.248935,5,0.5,0.416701,5,0.5
0.000766,0,4.51995,10,5.00821,0.6,0.248867,5,0.6,0.416485,5,0.6
0.000767,0,4.52502,10,5.00897,0.7,0.248827,5,0.7,0.416369,5,0.7
0.000768,0,4.53015,10,5.00822,0.8,0.248808,5,0.8,0.416321,5,0.8
0.000769,0,4.53537,10,5.00598,0.9,0.248816,5,0.9,0.416363,5,0.9
0.00077,0,4.54069,10,5.00231,1,0.248853,5,1,0.416495,5,1
0.000771,1,4.54609,10,4.99956,0.1,0.248917,5,0.1,0.416714,5,0.1
0.000772,1,4.55144,10,4.99897,0.2,0.248967,5,0.2,0.416879,5,0.2
0.000773,1,4.55666,10,4.99996,0.3,0.248978,5,0.3,0.416916,5,0.3
0.000774,1,4.56178,10,5.00301,0.4,0.248961,5,0.4,0.416859,5,0.4
0.000775,0,4.56678,10,5.00661,0.5,0.248904,5,0.5,0.416677,5,0.5
0.000776,0,4.57175,10,5.00851,0.6,0.248835,5,0.6,0.416461,5,0.6
0.000777,0,4.57681,10,5.00926,0.7,0.248795,5,0.7,0.416344,5,0.7
0.000778,0,4.58195,10,5.00849,0.8,0.248776,5,0.8,0.416297,5,0.8
0.000779,0,4.58717,10,5.00624,0.9,0.248785,5,0.9,0.416339,5,0.9
0.00078,0,4.59248,10,5.00255,1.10589e-012,0.248821,5,1.10589e-012,0.416471,5,1.10589e-012
0.000781,1,4.59788,10,4.9998,0.1,0.248886,5,0.1,0.41669,5,0.1
0.000782,1,4.60323,10,4.99919,0.2,0.248936,5,0.2,0.416855,5,0.2
0.000783,1,4.60845,10,5.00017,0.3,0.248947,5,0.3,0.416892,5,0.3
0.000784,1,4.61357,10,5.00321,0.4,0.24893,5,0.4,0.416835,5,0.4
0.000785,0,4.61857,10,5.00679,0.5,0.248873,5,0.5,0.416653,5,0.5
0.000786,0,4.62354,10,5.00868,0.6,0.248804,5,0.6,0.416437,5,0.6
0.000787,0,4.62861,10,5.00942,0.7,0.248765,5,0.7,0.416321,5,0.7
0.000788,0,4.63374,10,5.00864,0.8,0.248746,5,0.8,0.416273,5,0.8
0.000789,0,4.63897,10,5.00637,0.9,0.248754,5,0.9,0.416316,5,0.9
0.00079,0,4.64428,10,5.00267,1,0.248791,5,1,0.416448,5,1
0.000791,1,4.64968,10,4.9999,0.1,0.248856,5,0.1,0.416668,5,0.1
0.000792,1,4.65503,10,4.99929,0.2,0.248906,5,0.2,0.416833,5,0.2
0.000793,1,4.66025,10,5.00025,0.3,0.248918,5,0.3,0.41687,5,0.3
0.000794,1,4.66537,10,5.00328,0.4,0.2489,5,0.4,0.416813,5,0.4
0.000795,0,4.67037,10,5.00685,0.5,0.248844,5,0.5,0.416631,5,0.5
0.000796,0,4.67534,10,5.00873,0.6,0.248775,5,0.6,0.416415,5,0.6
0.000797,0,4.6804,10,5.00946,0.7,0.248736,5,0.7,0.416299,5,0.7
0.000798,0,4.68554,10,5.00867,0.8,0.248717,5,0.8,0.416252,5,0.8
0.000799,0,4.69076,10,5.00639,0.9,0.248726,5,0.9,0.416295,5,0.9
0.0008,0,4.69608,10,5.00268,1,0.248763,5,1,0.416427,5,1
0.000801,1,4.70148,10,4.9999,0.1,0.248828,5,0.1,0.416646,5,0.1
0.000802,1,4.70682,10,4.99928,0.2,0.248878,5,0.2,0.416811,5,0.2
0.000803,1,4.71204,10,5.00023,0.3,0.24889,5,0.3,0.416849,5,0.3
0.000804,1,4.71717,10,5.00325,0.4,0.248872,5,0.4,0.416792,5,0.4
0.000805,0,4.72217,10,5.00681,0.5,0.248816,5,0.5,0.41661,5,0.5
0.000806,0,4.72714,10,5.00868,0.6,0.248748,5,0.6,0.416394,5,0.6
0.000807,0,4.7322,10,5.0094,0.7,0.248709,5,0.7,0.416279,5,0.7
0.000808,0,4.73734,10,5.0086,0.8,0.24869,5,0.8,0.416231,5,0.8
0.000809,0,4.74256,10,5.00632,0.9,0.248699,5,0.9,0.416274,5,0.9
0.00081,0,4.74787,10,5.0026,1.17094e-012,0.248736,5,1.17094e-012,0.416406,5,1.17094e-012
0.000811,1,4.75328,10,4.99981,0.1,0.248802,5,0.1,0.416626,5,0.1
0.000812,1,4.75862,10,4.99918,0.2,0.248852,5,0.2,0.416791,5,0.2
0.000813,1,4.76384,10,5.00012,0.3,0.248864,5,0.3,0.416829,5,0.3
0.000814,1,4.76897,10,5.00314,0.4,0.248847,5,0.4,0.416772,5,0.4
0.000815,0,4.77397,10,5.00669,0.5,0.24879,5,0.5,0.41659,5,0.5
0.000816,0,4.77894,10,5.00855,0.6,0.248722,5,0.6,0.416375,5,0.6
0.000817,0,4.784,10,5.00926,0.7,0.248683,5,0.7,0.41626,5,0.7
0.000818,0,4.78914,10,5.00845,0.8,0.248665,5,0.8,0.416212,5,0.8
0.000819,0,4.79436,10,5.00617,0.9,0.248674,5,0.9,0.416256,5,0.9
0.00082,0,4.79968,10,5.00244,1,0.248712,5,1,0.416388,5,1
0.000821,1,4.80508,10,4.99965,0.1,0.248777,5,0.1,0.416608,5,0.1
0.000822,1,4.81042,10,4.999,0.2,0.248828,5,0.2,0.416773,5,0.2
0.000823,1,4.81564,10,4.99994,0.3,0.24884,5,0.3,0.416811,5,0.3
0.000824,1,4.82077,10,5.00295,0.4,0.248823,5,0.4,0.416754,5,0.4
0.000825,0,4.82577,10,5.0065,0.5,0.248767,5,0.5,0.416573,5,0.5
0.000826,0,4.83074,10,5.00836,0.6,0.248699,5,0.6,0.416358,5,0.6
0.000827,0,4.8358,10,5.00906,0.7,0.248661,5,0.7,0.416242,5,0.7
0.000828,0,4.84094,10,5.00824,0.8,0.248642,5,0.8,0.416195,5,0.8
0.000829,0,4.84616,10,5.00595,0.9,0.248652,5,0.9,0.416239,5,0.9
0.00083,0,4.85148,10,5.00222,1,0.24869,5,1,0.416371,5,1
0.000831,1,4.85688,10,4.99942,0.1,0.248755,5,0.1,0.416591,5,0.1
0.000832,1,4.86223,10,4.99877,0.2,0.248806,5,0.2,0.416757,5,0.2
0.000833,1,4.86745,10,4.99971,0.3,0.248819,5,0.3,0.416795,5,0.3
0.000834,1,4.87257,10,5.00271,0.4,0.248802,5,0.4,0.416738,5,0.4
0.000835,0,4.87757,10,5.00625,0.5,0.248746,5,0.5,0.416557,5,0.5
0.000836,0,4.88254,10,5.00811,0.6,0.248678,5,0.6,0.416342,5,0.6
0.000837,0,4.88761,10,5.0088,0.7,0.24864,5,0.7,0.416227,5,0.7
0.000838,0,4.89274,10,5.00798,0.8,0.248622,5,0.8,0.41618,5,0.8
0.000839,0,4.89797,10,5.00569,0.9,0.248632,5,0.9,0.416224,5,0.9
0.00084,0,4.90328,10,5.00195,1.23599e-012,0.24867,5,1.23599e-012,0.416357,5,1.23599e-012
0.000841,1,4.90868,10,4.99915,0.1,0.248736,5,0.1,0.416577,5,0.1
0.000842,1,4.91403,10,4.9985,0.2,0.248787,5,0.2,0.416743,5,0.2
0.000843,1,4.91925,10,4.99943,0.3,0.248799,5,0.3,0.416781,5,0.3
0.000844,1,4.92438,10,5.00243,0.4,0.248783,5,0.4,0.416724,5,0.4
0.000845,0,4.92938,10,5.00597,0.5,0.248727,5,0.5,0.416543,5,0.5
0.000846,0,4.93434,10,5.00782,0.6,0.24866,5,0.6,0.416329,5,0.6
0.000847,0,4.93941,10,5.00851,0.7,0.248622,5,0.7,0.416213,5,0.7
0.000848,0,4.94455,10,5.00769,0.8,0.248604,5,0.8,0.416167,5,0.8
0.000849,0,4.94977,10,5.00539,0.9,0.248614,5,0.9,0.416211,5,0.9
0.00085,0,4.95509,10,5.00165,1,0.248652,5,1,0.416344,5,1
0.000851,1,4.96049,10,4.99884,0.1,0.248719,5,0.1,0.416564,5,0.1
0.000852,1,4.96584,10,4.99819,0.2,0.24877,5,0.2,0.41673,5,0.2
0.000853,1,4.97106,10,4.99912,0.3,0.248783,5,0.3,0.416768,5,0.3
0.000854,1,4.97618,10,5.00212,0.4,0.248767,5,0.4,0.416712,5,0.4
0.000855,0,4.98118,10,5.00565,0.5,0.248711,5,0.5,0.416531,5,0.5
0.000856,0,4.98615,10,5.0075,0.6,0.248644,5,0.6,0.416317,5,0.6
0.000857,0,4.99122,10,5.00819,0.7,0.248606,5,0.7,0.416202,5,0.7
0.000858,0,4.99635,10,5.00737,0.8,0.248589,5,0.8,0.416155,5,0.8
0.000859,0,5.00158,10,5.00507,0.9,0.248599,5,0.9,0.416199,5,0.9
0.00086,0,5.00689,10,5.00133,1,0.248637,5,1,0.416332,5,1
0.000861,1,5.0123,10,4.99852,0.1,0.248704,5,0.1,0.416553,5,0.1
0.000862,1,5.01765,10,4.99787,0.2,0.248755,5,0.2,0.416719,5,0.2
0.000863,1,5.02287,10,4.99879,0.3,0.248768,5,0.3,0.416758,5,0.3
0.000864,1,5.02799,10,5.00179,0.4,0.248752,5,0.4,0.416702,5,0.4
0.000865,0,5.03299,10,5.00532,0.5,0.248697,5,0.5,0.416521,5,0.5
0.000866,0,5.03796,10,5.00717,0.6,0.24863,5,0.6,0.416307,5,0.6
0.000867,0,5.04303,10,5.00786,0.7,0.248593,5,0.7,0.416192,5,0.7
0.000868,0,5.04816,10,5.00704,0.8,0.248575,5,0.8,0.416145,5,0.8
0.000869,0,5.05339,10,5.00473,0.9,0.248586,5,0.9,0.41619,5,0.9
0.00087,0,5.0587,10,5.00099,1.30104e-012,0.248624,5,1.30104e-012,0.416323,5,1.30104e-012
0.000871,1,5.06411,10,4.99818,0.1,0.248691,5,0.1,0.416544,5,0.1
0.000872,1,5.06945,10,4.99753,0.2,0.248743,5,0.2,0.41671,5,0.2
0.000873,1,5.07468,10,4.99846,0.3,0.248756,5,0.3,0.416749,5,0.3
0.000874,1,5.0798,10,5.00145,0.4,0.248741,5,0.4,0.416693,5,0.4
0.000875,0,5.0848,10,5.00498,0.5,0.248686,5,0.5,0.416512,5,0.5
0.000876,0,5.08977,10,5.00683,0.6,0.248619,5,0.6,0.416298,5,0.6
0.000877,0,5.09484,10,5.00752,0.7,0.248581,5,0.7,0.416184,5,0.7
0.000878,0,5.09997,10,5.0067,0.8,0.248564,5,0.8,0.416137,5,0.8
0.000879,0,5.1052,10,5.00439,0.9,0.248575,5,0.9,0.416182,5,0.9
0.00088,0,5.11052,10,5.00065,1,0.248614,5,1,0.416315,5,1
0.000881,1,5.11592,10,4.99784,0.1,0.248681,5,0.1,0.416536,5,0.1
0.000882,1,5.12127,10,4.99719,0.2,0.248733,5,0.2,0.416703,5,0.2
0.000883,1,5.12649,10,4.99812,0.3,0.248746,5,0.3,0.416741,5,0.3
0.000884,1,5.13161,10,5.00112,0.4,0.248731,5,0.4,0.416686,5,0.4
0.000885,0,5.13661,10,5.00465,0.5,0.248676,5,0.5,0.416505,5,0.5
0.000886,0,5.14158,10,5.00649,0.6,0.24861,5,0.6,0.416291,5,0.6
0.000887,0,5.14665,10,5.00718,0.7,0.248572,5,0.7,0.416177,5,0.7
0.000888,0,5.15179,10,5.00636,0.8,0.248555,5,0.8,0.416131,5,0.8
0.000889,0,5.15701,10,5.00406,0.9,0.248566,5,0.9,0.416175,5,0.9
0.00089,0,5.16233,10,5.00031,1.34441e-012,0.248605,5,1.34441e-012,0.416309,5,1.34441e-012
0.000891,1,5.16773,10,4.99751,0.1,0.248672,5,0.1,0.41653,5,0.1
0.000892,1,5.17308,10,4.99686,0.2,0.248725,5,0.2,0.416697,5,0.2
0.000893,1,5.1783,10,4.99778,0.3,0.248738,5,0.3,0.416736,5,0.3
0.000894,1,5.18343,10,5.00078,0.4,0.248723,5,0.4,0.41668,5,0.4
0.000895,0,5.18843,10,5.00432,0.5,0.248668,5,0.5,0.4165,5,0.5
0.000896,0,5.1934,10,5.00616,0.6,0.248602,5,0.6,0.416286,5,0.6
0.000897,0,5.19846,10,5.00686,0.7,0.248565,5,0.7,0.416172,5,0.7
0.000898,0,5.2036,10,5.00603,0.8,0.248548,5,0.8,0.416126,5,0.8
0.000899,0,5.20883,10,5.00373,0.9,0.248559,5,0.9,0.41617,5,0.9
0.0009,0,5.21414,10,4.99999,1.36609e-012,0.248599,5,1.36609e-012,0.416304,5,1.36609e-012
0.000901,1,5.21954,10,4.99719,0.1,0.248666,5,0.1,0.416525,5,0.1
0.000902,1,5.22489,10,4.99653,0.2,0.248718,5,0.2,0.416692,5,0.2
0.000903,1,5.23011,10,4.99746,0.3,0.248732,5,0.3,0.416731,5,0.3
0.000904,1,5.23524,10,5.00046,0.4,0.248717,5,0.4,0.416676,5,0.4
0.000905,0,5.24024,10,5.004,0.5,0.248663,5,0.5,0.416495,5,0.5
0.000906,0,5.24521,10,5.00585,0.6,0.248596,5,0.6,0.416282,5,0.6
0.000907,0,5.25028,10,5.00654,0.7,0.24856,5,0.7,0.416168,5,0.7
0.000908,0,5.25541,10,5.00572,0.8,0.248543,5,0.8,0.416122,5,0.8
0.000909,0,5.26064,10,5.00342,0.9,0.248554,5,0.9,0.416167,5,0.9
0.00091,0,5.26596,10,4.99968,1,0.248594,5,1,0.416301,5,1
0.000911,1,5.27136,10,4.99688,0.1,0.248661,5,0.1,0.416522,5,0.1
0.000912,1,5.27671,10,4.99623,0.2,0.248714,5,0.2,0.416689,5,0.2
0.000913,1,5.28193,10,4.99716,0.3,0.248728,5,0.3,0.416728,5,0.3
0.000914,1,5.28706,10,5.00016,0.4,0.248713,5,0.4,0.416673,5,0.4
0.000915,0,5.29206,10,5.0037,0.5,0.248658,5,0.5,0.416493,5,0.5
0.000916,0,5.29703,10,5.00555,0.6,0.248592,5,0.6,0.416279,5,0.6
0.000917,0,5.30209,10,5.00624,0.7,0.248556,5,0.7,0.416165,5,0.7
0.000918,0,5.30723,10,5.00542,0.8,0.248539,5,0.8,0.416119,5,0.8
0.000919,0,5.31246,10,5.00312,0.9,0.248551,5,0.9,0.416164,5,0.9
0.00092,0,5.31777,10,4.99939,1.40946e-012,0.24859,5,1.40946e-012,0.416298,5,1.40946e-012
0.000921,1,5.32318,10,4.99659,0.1,0.248658,5,0.1,0.41652,5,0.1
0.000922,1,5.32853,10,4.99594,0.2,0.24871,5,0.2,0.416687,5,0.2
0.000923,1,5.33375,10,4.99687,0.3,0.248725,5,0.3,0.416726,5,0.3
0.000924,1,5.33887,10,4.99988,0.4,0.24871,5,0.4,0.416671,5,0.4
0.000925,0,5.34388,10,5.00341,0.5,0.248656,5,0.5,0.416491,5,0.5
0.000926,0,5.34884,10,5.00527,0.6,0.24859,5,0.6,0.416277,5,0.6
0.000927,0,5.35391,10,5.00596,0.7,0.248553,5,0.7,0.416163,5,0.7
0.000928,0,5.35905,10,5.00515,0.8,0.248537,5,0.8,0.416118,5,0.8
0.000929,0,5.36427,10,5.00285,0.9,0.248548,5,0.9,0.416163,5,0.9
0.00093,0,5.36959,10,4.99912,1.43115e-012,0.248588,5,1.43115e-012,0.416297,5,1.43115e-012
0.000931,1,5.37499,10,4.99632,0.1,0.248656,5,0.1,0.416519,5,0.1
0.000932,1,5.38034,10,4.99567,0.2,0.248709,5,0.2,0.416686,5,0.2
0.000933,1,5.38556,10,4.99661,0.3,0.248723,5,0.3,0.416725,5,0.3
0.000934,1,5.39069,10,4.99962,0.4,0.248708,5,0.4,0.41667,5,0.4
0.000935,0,5.39569,10,5.00316,0.5,0.248654,5,0.5,0.41649,5,0.5
0.000936,0,5.40066,10,5.00501,0.6,0.248588,5,0.6,0.416277,5,0.6
0.000937,0,5.40573,10,5.00571,0.7,0.248552,5,0.7,0.416163,5,0.7
0.000938,0,5.41087,10,5.00489,0.8,0.248536,5,0.8,0.416117,5,0.8
0.000939,0,5.41609,10,5.0026,0.9,0.248547,5,0.9,0.416162,5,0.9
0.00094,0,5.42141,10,4.99887,1,0.248587,5,1,0.416297,5,1
0.000941,1,5.42681,10,4.99607,0.1,0.248655,5,0.1,0.416518,5,0.1
0.000942,1,5.43216,10,4.99543,0.2,0.248708,5,0.2,0.416685,5,0.2
0.000943,1,5.43738,10,4.99637,0.3,0.248722,5,0.3,0.416725,5,0.3
0.000944,1,5.44251,10,4.99938,0.4,0.248708,5,0.4,0.41667,5,0.4
0.000945,0,5.44751,10,5.00292,0.5,0.248654,5,0.5,0.41649,5,0.5
0.000946,0,5.45248,10,5.00478,0.6,0.248588,5,0.6,0.416277,5,0.6
0.000947,0,5.45755,10,5.00548,0.7,0.248552,5,0.7,0.416163,5,0.7
0.000948,0,5.46269,10,5.00467,0.8,0.248536,5,0.8,0.416117,5,0.8
0.000949,0,5.46791,10,5.00238,0.9,0.248547,5,0.9,0.416163,5,0.9
0.00095,0,5.47323,10,4.99865,1.47451e-012,0.248587,5,1.47451e-012,0.416297,5,1.47451e-012
0.000951,1,5.47863,10,4.99585,0.1,0.248655,5,0.1,0.416519,5,0.1
0.000952,1,5.48398,10,4.99521,0.2,0.248708,5,0.2,0.416686,5,0.2
0.000953,1,5.4892,10,4.99615,0.3,0.248723,5,0.3,0.416725,5,0.3
0.000954,1,5.49433,10,4.99917,0.4,0.248708,5,0.4,0.41667,5,0.4
0.000955,0,5.49933,10,5.00271,0.5,0.248654,5,0.5,0.41649,5,0.5
0.000956,0,5.5043,10,5.00457,0.6,0.248589,5,0.6,0.416277,5,0.6
0.000957,0,5.50937,10,5.00528,0.7,0.248552,5,0.7,0.416164,5,0.7
0.000958,0,5.5145,10,5.00447,0.8,0.248537,5,0.8,0.416118,5,0.8
0.000959,0,5.51973,10,5.00218,0.9,0.248548,5,0.9,0.416163,5,0.9
0.00096,0,5.52505,10,4.99845,1.4962e-012,0.248588,5,1.4962e-012,0.416298,5,1.4962e-012
0.000961,1,5.53045,10,4.99566,0.1,0.248656,5,0.1,0.416519,5,0.1
0.000962,1,5.5358,10,4.99502,0.2,0.248709,5,0.2,0.416687,5,0.2
0.000963,1,5.54102,10,4.99596,0.3,0.248724,5,0.3,0.416726,5,0.3
0.000964,1,5.54615,10,4.99898,0.4,0.248709,5,0.4,0.416671,5,0.4
0.000965,0,5.55115,10,5.00253,0.5,0.248656,5,0.5,0.416492,5,0.5
0.000966,0,5.55612,10,5.00439,0.6,0.24859,5,0.6,0.416278,5,0.6
0.000967,0,5.56119,10,5.0051,0.7,0.248554,5,0.7,0.416165,5,0.7
0.000968,0,5.56632,10,5.00429,0.8,0.248538,5,0.8,0.41612,5,0.8
0.000969,0,5.57155,10,5.002,0.9,0.24855,5,0.9,0.416165,5,0.9
0.00097,0,5.57687,10,4.99828,1,0.24859,5,1,0.416299,5,1
0.000971,1,5.58227,10,4.99549,0.1,0.248658,5,0.1,0.416521,5,0.1
0.000972,1,5.58762,10,4.99486,0.2,0.248711,5,0.2,0.416688,5,0.2
0.000973,1,5.59284,10,4.9958,0.3,0.248726,5,0.3,0.416728,5,0.3
0.000974,1,5.59797,10,4.99882,0.4,0.248711,5,0.4,0.416673,5,0.4
0.000975,0,5.60297,10,5.00237,0.5,0.248658,5,0.5,0.416493,5,0.5
0.000976,0,5.60794,10,5.00423,0.6,0.248592,5,0.6,0.41628,5,0.6
0.000977,0,5.61301,10,5.00494,0.7,0.248556,5,0.7,0.416166,5,0.7
0.000978,0,5.61815,10,5.00414,0.8,0.24854,5,0.8,0.416121,5,0.8
0.000979,0,5.62337,10,5.00185,0.9,0.248552,5,0.9,0.416167,5,0.9
0.00098,0,5.62869,10,4.99813,1,0.248592,5,1,0.416301,5,1
0.000981,1,5.63409,10,4.99535,0.1,0.24866,5,0.1,0.416523,5,0.1
0.000982,1,5.63944,10,4.99471,0.2,0.248713,5,0.2,0.41669,5,0.2
0.000983,1,5.64466,10,4.99566,0.3,0.248728,5,0.3,0.41673,5,0.3
0.000984,1,5.64979,10,4.99868,0.4,0.248714,5,0.4,0.416675,5,0.4
0.000985,0,5.65479,10,5.00223,0.5,0.24866,5,0.5,0.416495,5,0.5
0.000986,0,5.65976,10,5.0041,0.6,0.248595,5,0.6,0.416282,5,0.6
0.000987,0,5.66483,10,5.00481,0.7,0.248559,5,0.7,0.416169,5,0.7
0.000988,0,5.66997,10,5.00401,0.8,0.248543,5,0.8,0.416123,5,0.8
0.000989,0,5.67519,10,5.00173,0.9,0.248555,5,0.9,0.416169,5,0.9
0.00099,0,5.68051,10,4.99801,1,0.248595,5,1,0.416303,5,1
0.000991,1,5.68591,10,4.99522,0.1,0.248663,5,0.1,0.416525,5,0.1
0.000992,1,5.69126,10,4.99459,0.2,0.248716,5,0.2,0.416692,5,0.2
0.000993,1,5.69648,10,4.99554,0.3,0.248731,5,0.3,0.416732,5,0.3
0.000994,1,5.70161,10,4.99857,0.4,0.248716,5,0.4,0.416677,5,0.4
0.000995,0,5.70661,10,5.00212,0.5,0.248663,5,0.5,0.416497,5,0.5
0.000996,0,5.71158,10,5.00399,0.6,0.248598,5,0.6,0.416284,5,0.6
0.000997,0,5.71665,10,5.0047,0.7,0.248561,5,0.7,0.416171,5,0.7
0.000998,0,5.72179,10,5.0039,0.8,0.248546,5,0.8,0.416126,5,0.8
0.000999,0,5.72701,10,5.00162,0.9,0.248558,5,0.9,0.416171,5,0.9
0.001,0,5.73233,10,4.99791,1,0.248598,5,1,0.416305,5,1
