Var1,Var2_1,Var2_2,Var2_3
0,0,0,0
0.01,0,0,0
0.02,0,0,0
0.03,0,0,0
0.04,0,0,0
0.05,0,0,0
0.06,0,0,0
0.07,0,0,0
0.08,0,0,0
0.09,0,0,0
0.1,0,0,0
0.11,0,0,0
0.12,0,0,0
0.13,0,0,0
0.14,0,0,0
0.15,0,0,0
0.16,0,0,0
0.17,0,0,0
0.18,0,0,0
0.19,0,0,0
0.2,0,0,0
0.21,0,0,0
0.22,0,0,0
0.23,0,0,0
0.24,0,0,0
0.25,0,0,0
0.26,0,0,0
0.27,0,0,0
0.28,0,0,0
0.29,0,0,0
0.3,0,0,0
0.31,0,0,0
0.32,0,0,0
0.33,0,0,0
0.34,0,0,0
0.35,0,0,0
0.36,0,0,0
0.37,0,0,0
0.38,0,0,0
0.39,0,0,0
0.4,0,0,0
0.41,0,0,0
0.42,0,0,0
0.43,0,0,0
0.44,0,0,0
0.45,0,0,0
0.46,0,0,0
0.47,0,0,0
0.48,0,0,0
0.49,0,0,0
0.5,0,0,0
0.51,0,0,0
0.52,0,0,0
0.53,0,0,0
0.54,0,0,0
0.55,0,0,0
0.56,0,0,0
0.57,0,0,0
0.58,0,0,0
0.59,0,0,0
0.6,0,0,0
0.61,0,0,0
0.62,0,0,0
0.63,0,0,0
0.64,0,0,0
0.65,0,0,0
0.66,0,0,0
0.67,0,0,0
0.68,0,0,0
0.69,0,0,0
0.7,0,0,0
0.71,0,0,0
0.72,0,0,0
0.73,0,0,0
0.74,0,0,0
0.75,0,0,0
0.76,0,0,0
0.77,0,0,0
0.78,0,0,0
0.79,0,0,0
0.8,0,0,0
0.81,0,0,0
0.82,0,0,0
0.83,0,0,0
0.84,0,0,0
0.85,0,0,0
0.86,0,0,0
0.87,0,0,0
0.88,0,0,0
0.89,0,0,0
0.9,0,0,0
0.91,0,0,0
0.92,0,0,0
0.93,0,0,0
0.94,0,0,0
0.95,0,0,0
0.96,0,0,0
0.97,0,0,0
0.98,0,0,0
0.99,0,0,0
0.999999999999993,0,0,0
1,1,0,0
1.00000000000001,1,4.65355256710554e-15,4.91127138957346e-15
1.01,1,0.00311623815092282,0.0032888188224
1.02,1,0.0124835823051855,0.0128314864705799
1.03,1,0.0280795379740263,0.0279906701107017
1.04,1,0.049697349427373,0.0481506476675349
1.05,1,0.0768496873978972,0.0727193723594464
1.06,1,0.108746677991513,0.101130191829289
1.07,1,0.144354062610418,0.132843242296947
1.08,1,0.182517582268215,0.16734653842028
1.09,1,0.222123393011425,0.204156779652193
1.1,1,0.262255429825781,0.242819893836444
1.11,1,0.302311320807843,0.282911338607505
1.12,1,0.342048543915056,0.32403618086342
1.13,1,0.381549544685458,0.365828974178182
1.14,1,0.421114326268196,0.407953453524032
1.15,1,0.461106736805145,0.450102066096097
1.16,1,0.501791976582936,0.491995356383345
1.17,1,0.543204962286765,0.533381222921562
1.18,1,0.585081600159037,0.574034063406225
1.19,1,0.626869590918591,0.613753824045196
1.2,1,0.66781589428372,0.652364968202111
1.21,1,0.707109192725906,0.689715378529414
1.22,1,0.744042212468283,0.725675205922957
1.23,1,0.778153885295627,0.760135677755048
1.24,1,0.809316260686981,0.793007876966179
1.25,1,0.837744597865734,0.824221502723461
1.26,1,0.86392787118898,0.853723622491241
1.27,1,0.888496405829774,0.88147742451132
1.28,1,0.912058753492016,0.907460978860873
1.29,1,0.935047451049434,0.931666014449321
1.3,1,0.957611133946541,0.954096718534256
1.31,1,0.979579132303911,0.974768564583851
1.32,1,1.00050693813417,0.993707173591358
1.33,1,1.01979113998358,1.01094721325819
1.34,1,1.03682542229699,1.02653133880721
1.35,1,1.05115918265672,1.0405091785685
1.36,1,1.06261968977931,1.05293636689657
1.37,1,1.07136764293866,1.06387362643169
1.38,1,1.07787231090962,1.07338590120839
1.39,1,1.08281213039493,1.08154154164176
1.4,1,1.08692490639382,1.08841154198619
1.41,1,1.09084410869239,1.09406883046143
1.42,1,1.09496117537668,1.09858761187651
1.43,1,1.09934737936918,1.10204276225233
1.44,1,1.10375424329188,1.10450927464756
1.45,1,1.10769226880688,1.10606175512879
1.46,1,1.11056858443577,1.10677396759325
1.47,1,1.11184970221822,1.10671842594993
1.48,1,1.11120943735173,1.10596603199046
1.49,1,1.10862568847762,1.10458575713409
1.5,1,1.10440230744575,1.10264436610931
1.51,1,1.09911063810674,1.10020618053657
1.52,1,1.09346498102664,1.09733288030158
1.53,1,1.08816242727641,1.09408334055341
1.54,1,1.08372623664411,1.09051350212684
1.55,1,1.08039107579643,1.08667627317031
1.56,1,1.07805819058872,1.0826214597596
1.57,1,1.07633147132198,1.07839572329058
1.58,1,1.07462557072259,1.07404256247105
1.59,1,1.07231959927235,1.06960231777005
1.6,1,1.06891876895198,1.06511219623215
1.61,1,1.06418441527355,1.06060631462249
1.62,1,1.05820057395069,1.05611575893467
1.63,1,1.05136082609906,1.05166865836671
1.64,1,1.04427865035761,1.04729027194936
1.65,1,1.03764325151595,1.04300308609434
1.66,1,1.03205618709265,1.0388269214179
1.67,1,1.02788881685548,1.03477904728459
1.68,1,1.02519550393591,1.03087430260876
1.69,1,1.02370384774967,1.02712522154415
1.7,1,1.0228843700303,1.0235421627858
1.71,1,1.02208262325261,1.02013344130189
1.72,1,1.0206814081258,1.01690546140577
1.73,1,1.01825341540634,1.01386285016974
1.74,1,1.01466695182387,1.0110085902717
1.75,1,1.01011889642408,1.00834415145285
1.76,1,1.00508684983406,1.00586961984943
1.77,1,1.00021222283952,1.00358382454322
1.78,1,0.996142918465615,1.00148446075366
1.79,1,0.993374153871744,0.999568209170084
1.8,1,0.992126422888612,0.997830850993666
1.81,1,0.992290505678072,0.996267378326485
1.82,1,0.993453015412395,0.994872099609176
1.83,1,0.994996252417275,0.993638739868492
1.84,1,0.996247941926088,0.992560535592235
1.85,1,0.99664421706336,0.991630324101098
1.86,1,0.995865964468434,0.99084062733516
1.87,1,0.9939151703924,0.990183730017057
1.88,1,0.991112593736381,0.989651752194343
1.89,1,0.988017353066664,0.989236716200275
1.9,1,0.985288131492196,0.9889306081054
1.91,1,0.983519995958809,0.98872543376187
1.92,1,0.983096796665531,0.988613269568636
1.93,1,0.984095296491322,0.988586308108627
1.94,1,0.986264513786209,0.988636898828852
1.95,1,0.989085345843055,0.988757583951269
1.96,1,0.991895883717604,0.988941129816392
1.97,1,0.994051744441339,0.98918055387306
1.98,1,0.995082172153633,0.989469147536867
1.99,1,0.994803694609823,0.98980049514644
2,1,0.993363512514846,0.990168489251395
2.01,1,0.991202002111543,0.990567342468429
2.02,1,0.988943514529929,0.990991596142861
2.03,1,0.98724221009494,0.991436126052154
2.04,1,0.986620674094516,0.991896145385647
2.05,1,0.98734082721004,0.992367205231171
2.06,1,0.989338736356381,0.992845192794368
2.07,1,0.992239286088734,0.993326327570758
2.08,1,0.995447117592782,0.993807155683806
2.09,1,0.998291568872555,0.994284542594729
2.1,1,1.00019012798514,0.9947556643816
2.11,1,1.00079037819028,0.995217997776538
2.12,1,1.00005567951574,0.995669309140637
2.13,1,0.998273606273472,0.996107642546727
2.14,1,0.995985071885556,0.996531307130331
2.15,1,0.993851490717198,0.996938863859252
2.16,1,0.99249249717653,0.997329111862231
2.17,1,0.992333950843819,0.997701074447093
2.18,1,0.99350343793963,0.998053984928907
2.19,1,0.995798850635795,0.998387272378797
2.2,1,0.998737733689405,0.99870054739447
2.21,1,1.00167531322759,0.998993587984023
2.22,1,1.00396230675194,0.999266325645511
2.23,1,1.00510387364796,0.999518831715821
2.24,1,1.0048807863139,0.999751304053931
2.25,1,1.00340315181283,0.999964054115398
2.26,1,1.00108352802953,1.00015749446718
2.27,1,0.998536013455198,1.00033212678441
2.28,1,0.996426014075532,1.00048853036391
2.29,1,0.995307466926408,1.00062735118233
2.3,1,0.995487371056459,1.00074929152104
2.31,1,0.996950790965496,1.00085510017388
2.32,1,0.999364691955638,1.00094556324855
2.33,1,1.00215966617205,1.00102149556773
2.34,1,1.00466953789597,1.00108373267132
2.35,1,1.00629466593644,1.00113312341721
2.36,1,1.00664895923398,1.00117052317417
2.37,1,1.00565460950419,1.00119678759744
2.38,1,1.00356134558051,1.00121276697416
2.39,1,1.00088549397192,1.00121930112371
2.4,1,0.998283764518846,1.00121721483538
2.41,1,0.996392661731667,1.00120731382408
2.42,1,0.995672838551369,1.0011903811831
2.43,1,0.996296499313178,1.00116717431147
2.44,1,0.998105418861133,1.00113842229277
2.45,1,1.00064985557256,1.0011048237009
2.46,1,1.003298830503,1.00106704480811
2.47,1,1.00539477204285,1.00102571817027
2.48,1,1.00641466334241,1.0009814415637
2.49,1,1.00609823774145,1.00093477724861
2.5,1,1.00451183531517,1.00088625153371
2.51,1,1.00203228612277,1.00083635461739
2.52,1,0.999254766063442,1.0007855406809
2.53,1,0.996847185461692,1.00073422821002
2.54,1,0.995386761211382,1.0006828005218
2.55,1,0.995218785442764,1.00063160647439
2.56,1,0.996372169237669,1.00058096133824
2.57,1,0.998552439444574,1.00053114780814
2.58,1,1.00121390345883,1.00048241713667
2.59,1,1.00369331378335,1.00043499037024
2.6,1,1.00537230691836,1.00038905967027
2.61,1,1.00582884618996,1.000344789703
2.62,1,1.00494059036286,1.00030231908248
2.63,1,1.00291488013997,1.00026176185229
2.64,1,1.00023800116152,1.00022320899284
2.65,1,0.99755614605055,1.00018672994178
2.66,1,0.99551722051057,1.00015237411651
2.67,1,0.994612225222931,1.00012017242846
2.68,1,0.995055049148938,1.00009013877998
2.69,1,0.996730105385784,1.00006227153555
2.7,1,0.999220630496126,1.00003655496014
2.71,1,1.00191071899167,1.000012960618
2.72,1,1.00413611170438,0.999991448726599
2.73,1,1.00534682011627,0.999971969460787
2.74,1,1.00524177085124,0.999954464203152
2.75,1,1.00384250495999,0.999938866737378
2.76,1,1.00148788812736,0.999925104381924
2.77,1,0.998751127198466,0.999913099062089
2.78,1,0.996299410528107,0.999902768319041
2.79,1,0.994730537331737,0.999894026254996
2.8,1,0.994426535096423,0.999886784414163
2.81,1,0.995460104824998,0.999880952599598
2.82,1,0.997576799775483,0.999876439626443
2.83,1,1.00025730114167,0.999873154012478
2.84,1,1.00284454358118,0.999871004607173
2.85,1,1.00470456597816,0.999869901160774
2.86,1,1.00538170569996,0.99986975483517
2.87,1,1.00471013950306,0.999870478658549
2.88,1,1.00285446209292,0.999871987926002
2.89,1,1.00026936738671,0.999874200548412
2.9,1,0.997588303995179,0.999877037352083
2.91,1,0.995468366016713,0.999880422331669
2.92,1,0.994429395346978,0.999884282859016
2.93,1,0.994726688920295,0.999888549850611
2.94,1,0.996288476629463,0.999893157896331
2.95,1,0.998733477540564,0.999898045352195
2.96,1,1.00146423605124,0.999903154399827
2.97,1,1.00381338605992,0.999908431075293
2.98,1,1.00520703258308,0.999913825269936
2.99,1,1.00530524930278,0.999919290705768
3,1,1.004085293339,0.999924784887936
3.01,1,1.00184716335685,0.999930269036668
3.02,1,0.999140140174049,0.999935708001028
3.03,1,0.996628295269395,0.99994107015674
3.04,1,0.99492789537544,0.999946327290185
3.05,1,0.99445651215424,0.999951454470635
3.06,1,0.995330780139513,0.999956429912626
3.07,1,0.997337835333954,0.999961234830286
3.08,1,0.999987427254466,0.999965853285321
3.09,1,1.00263194554288,0.999970272030228
3.1,1,1.00462497440438,0.999974480348227
3.11,1,1.0054795551792,0.999978469891239
3.12,1,1.00498740881161,0.999982234517176
3.13,1,1.00326992835923,0.999985770127671
3.14,1,1.00074845675889,0.999989074507269
3.15,1,0.998041126850465,0.999992147165013
3.16,1,0.99581152078078,0.99999498917923
3.17,1,0.994606202206602,0.999997603046271
3.18,1,0.994720899043685,0.999999992533804
3.19,1,0.996128099856891,1.00000216253924
3.2,1,0.998483790786462,1.0000041189537
3.21,1,1.00121168354349,1.00000586853203
3.22,1,1.00364431249268,1.00000741876893
3.23,1,1.00518645530613,1.00000877778176
3.24,1,1.00546086608451,1.00000995419991
3.25,1,1.00440064036864,1.00001095706097
3.26,1,1.00226559784048,1.00001179571383
3.27,1,0.999578671633835,1.00001247972857
3.28,1,0.996997878348477,1.00001301881317
3.29,1,0.995155214953639,1.000013422737
3.3,1,0.994501926219199,1.00001370126093
3.31,1,0.995198026587281,1.00001386407389
3.32,1,0.997073125367994,1.00001392073575
3.33,1,0.999668146604036,1.00001388062632
3.34,1,1.00234772911408,1.00001375290017
3.35,1,1.0044557872535,1.0000135464471
3.36,1,1.0054761456833,1.00001326985803
3.37,1,1.0051589191455,1.00001293139593
3.38,1,1.00358169506114,1.00001253897157
3.39,1,1.00113053931161,1.00001210012391
3.4,1,0.998405475645468,1.0000116220046
3.41,1,0.996073580645015,1.00001111136657
3.42,1,0.994705661725503,1.00001057455624
3.43,1,0.994636505086917,1.0000100175091
3.44,1,0.995882909792759,1.00000944574843
3.45,1,0.998139576091672,1.00000886438685
3.46,1,1.00085385466455,1.00000827813042
3.47,1,1.00336105557545,1.00000769128503
3.48,1,1.00504718857753,1.00000710776486
3.49,1,1.00549929027347,1.00000653110257
3.5,1,1.00460653280096,1.00000596446119
3.51,1,1.00258735911378,1.00000541064723
3.52,1,0.99993600119815,1.00000487212496
3.53,1,0.997301475433912,1.00000435103168
3.54,1,0.995328681259776,1.0000038491937
3.55,1,0.99450050773512,1.00000336814286
3.56,1,0.995019605822694,1.00000290913354
3.57,1,0.996758772664802,1.00000247315991
3.58,1,0.99929209551668,1.00000206097327
3.59,1,1.00199923022013,1.00000167309943
3.6,1,1.00421728321438,1.00000130985598
3.61,1,1.00540311107496,1.00000097136932
3.62,1,1.00526630099715,1.00000065759138
3.63,1,1.00384027396774,1.00000036831601
3.64,1,1.00147410209289,1.0000001031948
3.65,1,0.998747043489153,0.999999861752495
3.66,1,0.996326719581006,0.999999643401747
3.67,1,0.994805657951943,0.999999447457278
3.68,1,0.994556220763515,0.999999273149391
3.69,1,0.995639437328027,0.999999119636784
3.7,1,0.997790061803741,0.999998986018669
3.71,1,1.00048151441284,0.999998871346155
3.72,1,1.00305480630977,0.999998774632912
3.73,1,1.00487988279839,0.9999986948651
3.74,1,1.00550988245361,0.999998631010561
3.75,1,1.00479054413686,0.999998582027295
3.76,1,1.00289797525422,0.999998546871217
3.77,1,1.00029553427233,0.999998524503214
3.78,1,0.997620384157646,0.999998513895527
3.79,1,0.995527492415165,0.999998514037466
3.8,1,0.994529271959245,0.999998523940486
3.81,1,0.994870124325255,0.999998542642664
3.82,1,0.996466601420375,0.999998569212571
3.83,1,0.998927836304796,0.999998602752601
3.84,1,1.00165124083635,0.99999864240177
3.85,1,1.00397004005824,0.99999868733801
3.86,1,1.00531652176687,0.999998736780004
3.87,1,1.00536103207246,0.999998789988578
3.88,1,1.00409268599197,0.999998846267698
3.89,1,1.00182203230643,0.999998904965076
3.9,1,0.99910502023292,0.999998965472448
3.91,1,0.996606883521621,0.999999027225527
3.92,1,0.994939267898272,0.999999089703677
3.93,1,0.994510478734346,0.999999152429323
3.94,1,0.995425513537969,0.999999214967141
3.95,1,0.997460354798114,0.999999276923036
3.96,1,1.0001168171901,0.999999337942948
3.97,1,1.0027445206334,0.999999397711502
3.98,1,1.00470012594284,0.99999945595053
3.99,1,1.00550484663197,0.99999951241748
4,1,1.00496167248532,0.999999566903739
4.01,1,1.00320360448028,0.999999619232892
4.02,1,1.00066109146715,0.999999669258916
4.03,1,0.997956641243328,0.999999716864356
4.04,1,0.995752408905662,0.999999761958469
4.05,1,0.994588078167658,0.999999804475367
4.06,1,0.994748727948517,0.999999844372167
4.07,1,0.996195035100992,0.999999881627162
4.08,1,0.998572902084073,0.999999916238015
4.09,1,1.00130015239004,0.999999948219993
4.1,1,1.00370906766129,0.999999977604258
4.11,1,1.00520986843918,1.00000000443619
4.12,1,1.00543511275563,1.00000002877379
4.13,1,1.00432965875567,1.00000005068614
4.14,1,1.0021641653632,1.00000007025193
4.15,1,0.999468825555594,1.00000008755804
4.16,1,0.99690355665244,1.00000010269825
4.17,1,0.995096429562662,1.00000011577196
4.18,1,0.994489895144981,1.00000012688303
4.19,1,0.995232456831466,1.0000001361387
4.2,1,0.997142311833711,1.00000014364854
4.21,1,0.99975186283217,1.00000014952356
4.22,1,1.00242220213449,1.0000001538753
4.23,1,1.00449953858792,1.0000001568151
4.24,1,1.00547526848179,1.00000015845333
4.25,1,1.00511049950045,1.00000015889881
4.26,1,1.00349453991971,1.00000015825818
4.27,1,1.00102303285167,1.00000015663544
4.28,1,0.998301089037161,1.0000001541315
4.29,1,0.995995134656472,1.00000015084378
4.3,1,0.994669746981253,1.00000014686592
4.31,1,0.99464942619044,1.00000014228749
4.32,1,0.995939146430482,1.00000013719379
4.33,1,0.99822313799117,1.00000013166565
4.34,1,1.00094219876284,1.00000012577935
4.35,1,1.00343060643389,1.00000011960652
4.36,1,1.00507911054762,1.00000011321408
4.37,1,1.00548409827834,1.00000010666426
4.38,1,1.00454641294248,1.00000010001459
4.39,1,1.00249563102665,1.000000093318
4.4,1,0.99983385386959,1.00000008662283
4.41,1,0.997212775754582,1.000000079973
4.42,1,0.995274126430768,1.00000007340808
4.43,1,0.994492553298891,1.00000006696346
4.44,1,0.995059411182133,1.00000006067046
4.45,1,0.996835911999148,1.00000005455656
4.46,1,0.999387104933338,1.00000004864551
4.47,1,1.00208836756787,1.00000004295756
4.48,1,1.0042783352426,1.00000003750963
4.49,1,1.00542082619285,1.00000003231549
4.5,1,1.00523611754866,1.00000002738599
4.51,1,1.00376943125163,1.00000002272926
4.52,1,1.00137986214837,1.00000001835085
4.53,1,0.998652459049527,1.00000001425399
4.54,1,0.99625498437743,1.00000001043977
4.55,1,0.994774422636305,1.00000000690731
4.56,1,0.994573266133653,1.00000000365396
4.57,1,0.99570076422038,1.00000000067547
4.58,1,0.997880865331047,0.999999997966179
4.59,1,1.00057980403338,0.999999995519181
4.6,1,1.00313678542016,0.99999999332647
4.61,1,1.00492577074664,0.999999991379109
4.62,1,1.00550875354696,0.999999989667364
4.63,1,1.00474299889072,0.999999988180847
4.64,1,1.00281598986951,0.999999986908645
4.65,1,1.00019952519474,0.999999985839435
4.66,1,0.997534206415879,0.9999999849616
4.67,1,0.99547259631661,0.999999984263333
4.68,1,0.994519448783615,0.999999983732728
4.69,1,0.994908127448391,0.999999983357871
4.7,1,0.996543470128569,0.999999983126921
4.71,1,0.99902508784623,0.999999983028173
4.72,1,1.00174539401096,0.999999983050132
4.73,1,1.00403836280476,0.999999983181564
4.74,1,1.00534259552809,0.999999983411547
4.75,1,1.00533877057834,0.999999983729513
4.76,1,1.0040278245124,0.999999984125287
4.77,1,1.00173072274242,0.999999984589119
4.78,1,0.99900987600651,0.999999985111703
4.79,1,0.996531442603109,0.999999985684206
4.8,1,0.994902229604308,0.999999986298275
4.81,1,0.994521125319482,0.999999986946052
4.82,1,0.995481437523562,0.999999987620179
4.83,1,0.997548048457754,0.999999988313802
4.84,1,1.00021497985527,0.999999989020566
4.85,1,1.00282927406614,0.999999989734616
4.86,1,1.00475086086122,0.999999990450586
4.87,1,1.00550926894621,0.99999999116359
4.88,1,1.00491881374162,0.999999991869209
4.89,1,1.00312405944277,0.999999992563483
4.9,1,1.00056442466191,0.999999993242885
4.91,1,0.99786659742591,0.999999993904314
4.92,1,0.995691100089987,0.999999994545071
4.93,1,0.994570570428005,0.999999995162839
4.94,1,0.994779353328477,0.999999995755667
4.95,1,0.996266331597285,0.999999996321948
4.96,1,0.998667441229184,0.999999996860396
4.97,1,1.00139480697316,0.999999997370025
4.98,1,1.00378067469651,0.999999997850132
4.99,1,1.0052409008851,0.999999998300271
5,1,1.00541797134822,0.999999998720234
5.01,1,1.00426853316118,0.999999999110031
5.02,1,1.00207400897327,0.99999999946987
5.03,1,0.999371694928274,0.999999999800136
5.04,1,0.996823211829744,1.00000000010137
5.05,1,0.995052517293556,1.00000000037427
5.06,1,0.994493139162438,1.00000000061963
5.07,1,0.995282032770454,1.00000000083837
5.08,1,0.997226049500952,1.00000000103151
5.09,1,0.99984922630446,1.00000000120011
5.1,1,1.00250931805324,1.00000000134533
5.11,1,1.00455504154792,1.00000000146836
5.12,1,1.00548553235928,1.00000000157043
5.13,1,1.00507297390907,1.00000000165279
5.14,1,1.00341837491405,1.00000000171671
5.15,1,1.00092683892962,1.00000000176347
5.16,1,0.998208380871312,1.00000000179433
5.17,1,0.995928574088706,1.00000000181055
5.18,1,0.994645594797114,1.00000000181338
5.19,1,0.994673561073272,1.00000000180401
5.2,1,0.996005625795195,1.00000000178364
5.21,1,0.998315653056726,1.00000000175342
5.22,1,1.00103806761202,1.00000000171443
5.23,1,1.00350632742112,1.00000000166775
5.24,1,1.00511611638807,1.00000000161439
5.25,1,1.00547330201766,1.00000000155531
5.26,1,1.0044904327964,1.00000000149143
5.27,1,1.00240814937319,1.00000000142361
5.28,1,0.999736267336015,1.00000000135265
5.29,1,0.997128956575794,1.00000000127932
5.3,1,0.995224577682277,1.00000000120431
5.31,1,0.994489389008236,1.00000000112827
5.32,1,0.995103390363537,1.00000000105179
5.33,1,0.996916252784107,1.00000000097542
5.34,1,0.999484124305383,1.00000000089966
5.35,1,1.00217830040323,1.00000000082493
5.36,1,1.00433915278838,1.00000000075165
5.37,1,1.00543762941711,1.00000000068015
5.38,1,1.00520478488293,1.00000000061075
5.39,1,1.00369762763198,1.00000000054371
5.4,1,1.00128516230724,1.00000000047925
5.41,1,0.998558044542501,1.00000000041756
5.42,1,0.9961839678634,1.00000000035879
5.43,1,0.994744189025776,1.00000000030306
5.44,1,0.994591216089822,1.00000000025046
5.45,1,0.995762502152822,1.00000000020104
5.46,1,0.997971275524732,1.00000000015484
5.47,1,1.00067675143942,1.00000000011187
5.48,1,1.00321653502593,1.00000000007211
5.49,1,1.00496879867476,1.00000000003552
5.5,1,1.00550452712361,1.00000000000207
5.51,1,1.00469255535603,0.999999999971674
5.52,1,1.00273168237197,0.999999999944258
5.53,1,1.00010199825923,0.999999999919727
5.54,1,0.997447341396183,0.999999999897978
5.55,1,0.995417664362111,0.999999999878899
5.56,1,0.99450990287786,0.999999999862368
5.57,1,0.994946308610116,0.999999999848262
5.58,1,0.996620034212073,0.99999999983645
5.59,1,0.99912129328033,0.999999999826799
5.6,1,1.00183769035821,0.999999999819173
5.61,1,1.00410415670158,0.999999999813438
5.62,1,1.00536578230241,0.999999999809457
5.63,1,1.00531367721196,0.999999999807095
5.64,1,1.00396059857302,0.999999999806218
5.65,1,1.00163782722647,0.999999999806697
5.66,1,0.998914058607531,0.999999999808403
5.67,1,0.996456166269282,0.999999999811213
5.68,1,0.994865927978788,0.999999999815007
5.69,1,0.994532689531964,0.999999999819669
5.7,1,0.995538039323802,0.999999999825088
5.71,1,0.997635832663753,0.999999999831161
5.72,1,1.00031245658054,0.999999999837785
5.73,1,1.0029125801904,0.999999999844869
5.74,1,1.00479960255284,0.999999999852321
5.75,1,1.00551151478311,0.999999999860061
5.76,1,1.00487401594028,0.99999999986801
5.77,1,1.00304318797652,0.999999999876096
5.78,1,1.00046728143165,0.999999999884255
5.79,1,0.997776968067667,0.999999999892426
5.8,1,0.995630930425999,0.999999999900553
5.81,1,0.994554593368938,0.999999999908588
5.82,1,0.994811481748538,0.999999999916486
5.83,1,0.996338700332062,0.999999999924208
5.84,1,0.998762332748496,0.999999999931719
5.85,1,1.00148898925695,0.999999999938989
5.86,1,1.00385108925043,0.999999999945992
5.87,1,1.00527030827107,0.999999999952707
5.88,1,1.00539917200724,0.999999999959116
5.89,1,1.00420613012357,0.999999999965206
5.9,1,1.00198328088342,0.999999999970964
5.91,1,0.999274855306743,0.999999999976385
5.92,1,0.996743970435638,0.999999999981463
5.93,1,0.995010275155462,0.999999999986196
5.94,1,0.994498238536668,0.999999999990586
5.95,1,0.995333225002487,0.999999999994634
5.96,1,0.997310800745881,0.999999999998345
5.97,1,0.999946786255388,1.00000000000173
5.98,1,1.00259580034588,1.00000000000479
5.99,1,1.00460927198113,1.00000000000753
6,1,1.00549423308322,1.00000000000998
6.01,1,1.00503401431084,1.00000000001213
6.02,1,1.00334129327067,1.00000000001401
6.03,1,1.0008305071095,1.00000000001562
6.04,1,0.998116383846706,1.00000000001698
6.05,1,0.995863435515697,1.00000000001811
6.06,1,0.994623262442495,1.00000000001901
6.07,1,0.994699502248182,1.0000000000197
6.08,1,0.996073488769537,1.0000000000202
6.09,1,0.998408822186796,1.00000000002053
6.1,1,1.00113373143189,1.00000000002068
6.11,1,1.00358106368713,1.00000000002069
6.12,1,1.00515162666273,1.00000000002056
6.13,1,1.00546089176694,1.00000000002031
6.14,1,1.00443314011619,1.00000000001994
6.15,1,1.00232000115859,1.00000000001948
6.16,1,0.999638845009147,1.00000000001894
6.17,1,0.997046112201703,1.00000000001831
6.18,1,0.995176594152091,1.00000000001763
6.19,1,0.994488014080414,1.00000000001689
6.2,1,0.995148960403113,1.00000000001611
6.21,1,0.996997610408894,1.0000000000153
6.22,1,0.999581350102226,1.00000000001445
6.23,1,1.00226758989491,1.0000000000136
6.24,1,1.0043986445996,1.00000000001273
6.25,1,1.00545275770125,1.00000000001185
6.26,1,1.00517184554889,1.00000000001098
6.27,1,1.00362468523437,1.00000000001012
6.28,1,1.00119007556157,1.00000000000927
6.29,1,0.998464093888171,1.00000000000844
6.3,1,0.996114155599562,1.00000000000762
6.31,1,0.994715607545561,1.00000000000684
6.32,1,0.994610863065668,1.00000000000608
6.33,1,0.995825567261471,1.00000000000535
6.34,1,0.998062318181373,1.00000000000465
6.35,1,1.0007734811906,1.00000000000398
6.36,1,1.00329526902922,1.00000000000335
6.37,1,1.00501026008376,1.00000000000276
6.38,1,1.00549856473153,1.0000000000022
6.39,1,1.00464062896439,1.00000000000168
6.4,1,1.00264650537958,1.0000000000012
6.41,1,1.00000442497803,1.00000000000075
6.42,1,0.997361261187713,1.00000000000034
6.43,1,0.995364152687956,0.999999999999961
6.44,1,0.994502061291006,0.99999999999962
6.45,1,0.994986057037243,0.999999999999313
6.46,1,0.996697640887973,0.999999999999038
6.47,1,0.999217757422898,0.999999999998795
6.48,1,1.00192939422207,0.999999999998583
6.49,1,1.00416864802537,0.999999999998399
6.5,1,1.005387271405,0.999999999998242
6.51,1,1.0052869028566,0.999999999998112
6.52,1,1.00389211610127,0.999999999998006
6.53,1,1.00154440358158,0.999999999997923
6.54,1,0.99881856720167,0.999999999997861
6.55,1,0.996381986774187,0.999999999997819
6.56,1,0.994831222166485,0.999999999997795
6.57,1,0.994545954639331,0.999999999997788
6.58,1,0.995596027632422,0.999999999997796
6.59,1,0.997724346654477,0.999999999997818
6.6,1,1.00040982498118,0.999999999997852
6.61,1,1.00299496385883,0.999999999997897
6.62,1,1.00484683113032,0.999999999997952
6.63,1,1.00551202510148,0.999999999998015
6.64,1,1.00482768308872,0.999999999998085
6.65,1,1.00296135588405,0.999999999998162
6.66,1,1.00036998547764,0.999999999998244
6.67,1,0.997688029722179,0.99999999999833
6.68,1,0.995572124923116,0.999999999998418
6.69,1,0.994540318370038,0.999999999998509
6.7,1,0.994845232292673,0.999999999998602
6.71,1,0.996412213128537,0.999999999998695
6.72,1,0.998857609318665,0.999999999998788
6.73,1,1.00158270258956,0.999999999998881
6.74,1,1.00392029506759,0.999999999998972
6.75,1,1.00529806258775,0.999999999999062
6.76,1,1.00537867960981,0.99999999999915
6.77,1,1.00414240827518,0.999999999999235
6.78,1,1.00189193092307,0.999999999999318
6.79,1,0.999178242897425,0.999999999999397
6.8,1,0.996665749670128,0.999999999999473
6.81,1,0.994969597209504,0.999999999999546
6.82,1,0.994505062793316,0.999999999999615
6.83,1,0.995385880647867,0.99999999999968
6.84,1,0.997396395842782,0.999999999999741
6.85,1,1.00004436413919,0.999999999999798
6.86,1,1.00268147054702,0.999999999999852
6.87,1,1.00466205944536,0.999999999999901
6.88,1,1.00550121359643,0.999999999999947
6.89,1,1.00499347879756,0.999999999999988
6.9,1,1.00326316623538,1.00000000000003
6.91,1,1.00073391677188,1.00000000000006
6.92,1,0.998024978886402,1.00000000000009
6.93,1,0.99579959505082,1.00000000000012
6.94,1,0.99460261684107,1.00000000000014
6.95,1,0.994727106268979,1.00000000000016
6.96,1,0.996142583980879,1.00000000000018
6.97,1,0.998502491666389,1.0000000000002
6.98,1,1.00122904161944,1.00000000000021
6.99,1,1.00365467931978,1.00000000000022
7,1,1.00518552406129,1.00000000000023
7.01,1,1.00544677166118,1.00000000000023
7.02,1,1.00437445959566,1.00000000000023
7.03,1,1.00223112725657,1.00000000000024
7.04,1,0.999541537151843,1.00000000000024
7.05,1,0.996964194741851,1.00000000000023
7.06,1,0.99513012333652,1.00000000000023
7.07,1,0.99448836758135,1.00000000000023
7.08,1,0.99519605166722,1.00000000000022
7.09,1,0.997079909848563,1.00000000000022
7.1,1,0.999678707940734,1.00000000000021
7.11,1,1.00235616953451,1.0000000000002
7.12,1,1.00445675865201,1.00000000000019
7.13,1,1.00546617781664,1.00000000000018
7.14,1,1.00513728601219,1.00000000000017
7.15,1,1.00355060742288,1.00000000000016
7.16,1,1.00109461630473,1.00000000000015
7.17,1,0.998370624939137,1.00000000000014
7.18,1,0.996045561414918,1.00000000000013
7.19,1,0.994688682372227,1.00000000000012
7.2,1,0.994632199123522,1.00000000000011
7.21,1,0.995889940738006,1.0000000000001
7.22,1,0.998153968203179,1.00000000000009
7.23,1,1.00086996863485,1.00000000000009
7.24,1,1.00337297040351,1.00000000000008
7.25,1,1.00505015138095,1.00000000000007
7.26,1,1.00549087917017,1.00000000000006
7.27,1,1.00458724823744,1.00000000000005
7.28,1,1.00256049895032,1.00000000000004
7.29,1,0.999906850219648,1.00000000000004
7.3,1,0.99727600780393,1.00000000000003
7.31,1,0.995312093680366,1.00000000000002
7.32,1,0.994495942520303,1.00000000000002
7.33,1,0.995027376591989,1.00000000000001
7.34,1,0.996776282300264,1.00000000000001
7.35,1,0.999314466532521,1
7.36,1,1.00202049326643,0.999999999999999
7.37,1,1.00423183278156,0.999999999999995
7.38,1,1.00540707204142,0.999999999999992
7.39,1,1.00525847148732,0.999999999999989
7.4,1,1.00382241371751,0.999999999999986
7.41,1,1.00145049575832,0.999999999999983
7.42,1,0.998723445849671,0.999999999999981
7.43,1,0.996308940918404,0.99999999999998
7.44,1,0.994798135980493,0.999999999999978
7.45,1,0.994560928775902,0.999999999999977
7.46,1,0.995655395901205,0.999999999999976
7.47,1,0.997813573633253,0.999999999999975
7.48,1,1.00050706479416,0.999999999999975
7.49,1,1.00307640880895,0.999999999999975
7.5,1,1.00489254065379,0.999999999999975
7.51,1,1.00551080791326,0.999999999999975
7.52,1,1.00477983719941,0.999999999999975
7.53,1,1.00287859563649,0.999999999999976
7.54,1,1.00027257346722,0.999999999999976
7.55,1,0.997599815806835,0.999999999999977
7.56,1,0.995514706946282,0.999999999999977
7.57,1,0.994527754255338,0.999999999999978
7.58,1,0.994880598173924,0.999999999999979
7.59,1,0.996486850204909,0.99999999999998
7.6,1,0.998953243831111,0.999999999999981
7.61,1,1.00167591987435,0.999999999999982
7.62,1,1.00398827228259,0.999999999999983
7.63,1,1.0053241565402,0.999999999999984
7.64,1,1.0053565015903,0.999999999999985
7.65,1,1.00407738823658,0.999999999999986
7.66,1,1.00179998803865,0.999999999999988
7.67,1,0.999081887992078,0.999999999999989
7.68,1,0.996588573785319,0.999999999999989
7.69,1,0.99493049569356,0.99999999999999
7.7,1,0.994513609061158,0.999999999999991
7.71,1,0.995439982275157,0.999999999999992
7.72,1,0.997482806864373,0.999999999999993
7.73,1,1.00014192812337,0.999999999999994
7.74,1,1.00276630042785,0.999999999999995
7.75,1,1.00471338590949,0.999999999999996
7.76,1,1.0055064701354,0.999999999999996
7.77,1,1.00495137842731,0.999999999999997
7.78,1,1.00318401659485,0.999999999999998
7.79,1,1.00063709645351,0.999999999999998
7.8,1,0.99793419288084,0.999999999999999
7.81,1,0.995737070938477,0.999999999999999
7.82,1,0.994583662705224,1
7.83,1,0.994756362743099,1
7.84,1,0.996212888059706,1
7.85,1,0.998596630459444,1
7.86,1,1.00132396666693,1
7.87,1,1.00372714965941,1
7.88,1,1.00521779642637,1
7.89,1,1.00543094465114,1
7.9,1,1.0043144082145,1
7.91,1,1.00214155417671,1
7.92,1,0.999444372987139,1
7.93,1,0.99688322866849,1
7.94,1,0.995085178672996,1
7.95,1,0.994490448348739,1
7.96,1,0.995244648421043,1
7.97,1,0.997163124408561,1
7.98,1,0.999776166480359,1
7.99,1,1.00244401080423,1
8,1,1.00451347604537,1
8.01,1,1.00547788493763,1
8.02,1,1.00510111654924,1
8.03,1,1.00347541692193,1
8.04,1,1.00099881402274,1
8.05,1,0.99827766661592,1
8.06,1,0.995978206490003,1
8.07,1,0.994663421680286,1
8.08,1,0.994655217362911,1
8.09,1,0.995955602240907,1
8.1,1,0.998246196743633,1
8.11,1,1.00096618344954,1
8.12,1,1.00344961475018,1
8.13,1,1.00508846005046,1
8.14,1,1.00548147286413,1
8.15,1,1.00453242994762,1
8.16,1,1.0024736901059,1
8.17,1,0.999809304653311,1
8.18,1,0.997191608072319,1
8.19,1,0.995261503781317,1
8.2,1,0.994491548625482,1
8.21,1,0.995070254480087,1
8.22,1,0.996855933968852,1
8.23,1,0.999411390475179,1
8.24,1,1.00211095912166,1
8.25,1,1.00429369135288,1
8.26,1,1.0054251781932,1
8.27,1,1.00522839220212,1
8.28,1,1.0037515134534,1
8.29,1,1.00135613337269,1
8.3,1,0.99862872454554,1
8.31,1,0.996237051774544,1
8.32,1,0.994766679966546,1
8.33,1,0.994577607421155,1
8.34,1,0.995716125691617,1
8.35,1,0.997903485798111,1
8.36,1,1.00060414569972,1
8.37,1,1.00315688966371,1
8.38,1,1.00493671693766,1
8.39,1,1.00550786373124,1
8.4,1,1.00473049338995,1
8.41,1,1.00279493328508,1
8.42,1,1.00017507603531,1
8.43,1,0.997512354066112,1
8.44,1,0.995458694581212,1
8.45,1,0.994516905046394,1
8.46,1,0.994917568385841,1
8.47,1,0.996562588240433,1
8.48,1,0.999049206377693,1
8.49,1,1.00176861195378,1
8.5,1,1.00405499964108,1
8.51,1,1.00534858199319,1
8.52,1,1.00533264493505,1
8.53,1,1.00401109041431,1
8.54,1,1.00170748106848,1
8.55,1,0.998985820806603,1
8.56,1,0.996512466982003,1
8.57,1,0.994892982872175,1
8.58,1,0.994523874668687,1
8.59,1,0.995495512932852,1
8.6,1,0.997570006730533,1
8.61,1,1.00023944762956,1
8.62,1,1.00285026339784,1
8.63,1,1.00476323527992,1
8.64,1,1.00551000104183,1
8.65,1,1.0049077263807,1
8.66,1,1.00310386913864,1
8.67,1,1.00054007648021,1
8.68,1,0.997844054263604,1
8.69,1,0.995675882754502,1
8.7,1,0.994566405955959,1
8.71,1,0.994787262482614,1
8.72,1,0.996284378954102,1
8.73,1,0.998691209044439,1
8.74,1,1.00141847680638,1
8.75,1,1.00379845197501,1
8.76,1,1.00524843362451,1
8.77,1,1.00541341567721,1
8.78,1,1.00425300477266,1
8.79,1,1.00205130997103,1
8.8,1,0.99934738294656,1
8.81,1,0.996803239337585,1
8.82,1,0.995041774229695,1
8.83,1,0.994494255714545,1
8.84,1,0.995294735420018,1
8.85,1,0.99724722799651,1
8.86,1,0.999873695165736,1
8.87,1,1.00253108616343,1
8.88,1,1.00456877899359,1
8.89,1,1.00548787538439,1
8.9,1,1.00506334848474,1
8.91,1,1.00339913728558,1
8.92,1,1.00090269872985,1
8.93,1,0.998185248042332,1
8.94,1,0.99591211192574,1
8.95,1,0.994639833379808,1
8.96,1,0.994679910564845,1
8.97,1,0.996022531188213,1
8.98,1,0.998338974895781,1
8.99,1,1.00106209547914,1
9,1,1.00352517804733,1
9.01,1,1.00512517408465,1
9.02,1,1.00547034875935,1
9.03,1,1.00447619127268,1
9.04,1,1.00238610604983,1
9.05,1,0.999711818847627,1
9.06,1,0.997108088442191,1
9.07,1,0.995212398845047,1
9.08,1,0.994488880984064,1
9.09,1,0.995114677265176,1
9.1,1,0.996936570933361,1
9.11,1,0.999508498877882,1
9.12,1,1.0022007634388,1
9.13,1,1.00435420435559,1
9.14,1,1.00544158418795,1
9.15,1,1.00519667442921,1
9.16,1,1.00367943752985,1
9.17,1,1.00126134599831,1
9.18,1,0.998534432975402,1
9.19,1,0.996166341873556,1
9.2,1,0.994736863984564,1
9.21,1,0.994595985350437,1
9.22,1,0.995778197974123,1
9.23,1,0.997994054974236,1
9.24,1,1.00070103727643,1
9.25,1,1.00323638120383,1
9.26,1,1.00497934613979,1
9.27,1,1.00550319347996,1
9.28,1,1.00467966712565,1
9.29,1,1.00271039504989,1
9.3,1,1.00007752373758,1
9.31,1,0.997425671910577,1
9.32,1,0.995404105382694,1
9.33,1,0.994507774144556,1
9.34,1,0.994956131343904,1
9.35,1,0.996639403501333,1
9.36,1,0.999145466886536,1
9.37,1,1.0018607497808,1
9.38,1,1.00412045623281,1
9.39,1,1.00537133129309,1
9.4,1,1.00530711712109,1
9.41,1,1.00394353558567,1
9.42,1,1.00161443900327,1
9.43,1,0.998890071447338,1
9.44,1,0.99643745311121,1
9.45,1,0.994857070501623,1
9.46,1,0.994535856399176,1
9.47,1,0.995552455218881,1
9.48,1,0.997657968114551,1
9.49,1,1.000336892097,1
9.5,1,1.00293333314457,1
9.51,1,1.00481159193479,1
9.52,1,1.00551180520923,1
9.53,1,1.00486253633753,1
9.54,1,1.00302274898352,1
9.55,1,1.00044288725628,1
9.56,1,0.997754591282474,1
9.57,1,0.995616049674085,1
9.58,1,0.994550852001092,1
9.59,1,0.994819795803913,1
9.6,1,0.996357034259872,1
9.61,1,0.998786197781887,1
9.62,1,1.00151254241973,1
9.63,1,1.00386856392146,1
9.64,1,1.00527742605433,1
9.65,1,1.00539419023244,1
9.66,1,1.00419026851268,1
9.67,1,1.0019604229203,1
9.68,1,0.999250597424884,1
9.69,1,0.996724251816188,1
9.7,1,0.994999923608601,1
9.71,1,0.994499788485389,1
9.72,1,0.995346296967537,1
9.73,1,0.997332194255599,1
9.74,1,0.999971263432868,1
9.75,1,1.00261736832399,1
9.76,1,1.00462265016549,1
9.77,1,1.00549614602592,1
9.78,1,1.00502399365441,1
9.79,1,1.00332179241839,1
9.8,1,1.00080630054679,1
9.81,1,0.998093398180624,1
9.82,1,0.995847298434901,1
9.83,1,0.994617924862845,1
9.84,1,0.994706270990797,1
9.85,1,0.996090706605455,1
9.86,1,0.998432273584472,1
9.87,1,1.00115767466638,1
9.88,1,1.00359963661464,1
9.89,1,1.00516028197793,1
9.9,1,1.00545751034189,1
9.91,1,1.00441854983683,1
9.92,1,1.0022977742294,1
9.93,1,0.999614423352936,1
9.94,1,0.99702547508713,1
9.95,1,0.995164794260178,1
9.96,1,0.994487940432031,1
9.97,1,0.99516063102592,1
9.98,1,0.997018167923557,1
9.99,1,0.999605761308536,1
10,1,1.00228987807474,1
